["[{\"site_name\":\"100percentfedup.com\",\"os_type_1\":\"bias\"},{\"site_name\":\"16wmpo.com\",\"os_type_1\":\"fake\",\"pf_type\":\"Imposter site\",\"pf_registration\":\"Scottsdale, Ariz. **\"},{\"site_name\":\"21stcenturywire.com\",\"os_type_1\":\"conspiracy\"},{\"site_name\":\"247newsmedia.com\",\"pf_type\":\"Fake news\",\"pf_registration\":\"Kumanovo, Macedonia\"},{\"site_name\":\"24newsflash.com\",\"os_type_1\":\"fake\"},{\"site_name\":\"24online.news\",\"pf_type\":\"Imposter site\",\"pf_registration\":\"Panama, Pa. **\"},{\"site_name\":\"24wpn.com\",\"os_type_1\":\"fake\",\"pf_type\":\"Fake news\",\"pf_registration\":\"Veles, Macedonia\"},{\"site_name\":\"365usanews.com\",\"os_type_1\":\"bias\",\"os_type_2\":\"conspiracy\"},{\"site_name\":\"4threvolutionarywar.wordpress.com\",\"os_type_1\":\"bias\",\"os_type_2\":\"conspiracy\"},{\"site_name\":\"70news.wordpress.com\",\"os_type_1\":\"fake\"},{\"site_name\":\"82.221.129.208\",\"os_type_1\":\"conspiracy\",\"os_type_2\":\"fake\"},{\"site_name\":\"aanirfan.blogspot.co.uk\",\"os_type_1\":\"unreliable\"},{\"site_name\":\"abcnews.com.co\",\"os_type_1\":\"fake\",\"pf_type\":\"Imposter site\",\"pf_registration\":\"Phoenix, Ariz.\"},{\"site_name\":\"abcnewsgo.co\",\"os_type_1\":\"fake\"},{\"site_name\":\"abeldanger.net\",\"os_type_1\":\"conspiracy\"},{\"site_name\":\"abovetopsecret.com\",\"os_type_1\":\"conspiracy\",\"os_type_2\":\"rumor\"},{\"site_name\":\"abriluno.com\",\"os_type_1\":\"satire\",\"os_type_2\":\"fake\"},{\"site_name\":\"aceflashman.wordpress.com\",\"os_type_1\":\"satire\"},{\"site_name\":\"actforamerica.org/news\",\"os_type_1\":\"hate\"},{\"site_name\":\"acting-man.com\",\"os_type_1\":\"unreliable\",\"os_type_2\":\"conspiracy\"},{\"site_name\":\"activistpost.com\",\"os_type_1\":\"conspiracy\"},{\"site_name\":\"actualidadpanamericana.com\",\"os_type_1\":\"satire\",\"pf_type\":\"Parody site\",\"pf_registration\":\"Scottsdale, Ariz. **\"},{\"site_name\":\"addictinginfo.org\",\"os_type_1\":\"clickbait\",\"os_type_2\":\"unreliable\"},{\"site_name\":\"adflegal.org/media\",\"os_type_1\":\"hate\"},{\"site_name\":\"adobochronicles.com\",\"os_type_1\":\"satire\"},{\"site_name\":\"advocate.com\",\"os_type_1\":\"political\",\"os_type_2\":\"reliable\"},{\"site_name\":\"aheadoftheherd.com\",\"os_type_1\":\"bias\"},{\"site_name\":\"ahtribune.com\",\"os_type_1\":\"unreliable\",\"os_type_2\":\"bias\"},{\"site_name\":\"alabamaobserver.com\",\"pf_type\":\"Imposter site\",\"pf_registration\":\"Toronto, Canada !!!\"},{\"site_name\":\"allnewspipeline.com\",\"os_type_1\":\"unreliable\",\"os_type_2\":\"conspiracy\"},{\"site_name\":\"alt-market.com\",\"os_type_1\":\"conspiracy\",\"os_type_2\":\"bias\"},{\"site_name\":\"alternativemediasyndicate.com\",\"os_type_1\":\"fake\"},{\"site_name\":\"alternet.org\",\"os_type_1\":\"political\",\"os_type_2\":\"reliable\"},{\"site_name\":\"americablog.com\",\"os_type_1\":\"bias\",\"os_type_2\":\"clickbait\"},{\"site_name\":\"americanborderpatrol.com\",\"os_type_1\":\"hate\"},{\"site_name\":\"americanflavor.news\",\"pf_type\":\"Fake news\",\"pf_registration\":\"Panama, Pa. *\"},{\"site_name\":\"americanfreepress.net\",\"os_type_1\":\"conspiracy\",\"os_type_2\":\"bias\"},{\"site_name\":\"americankabuki.blogspot.com\",\"os_type_1\":\"junksci\"},{\"site_name\":\"americanlookout.com\",\"os_type_1\":\"bias\",\"os_type_2\":\"clickbait\"},{\"site_name\":\"americannews.com\",\"os_type_1\":\"fake\"},{\"site_name\":\"americannewsx.com\",\"os_type_1\":\"political\",\"os_type_2\":\"bias\",\"os_type_2_1\":\"satire\"},{\"site_name\":\"americanoverlook.com\",\"os_type_1\":\"fake\"},{\"site_name\":\"americanpatriotdaily.com\",\"os_type_1\":\"bias\",\"os_type_2\":\"clickbait\",\"os_type_2_1\":\"bias\"},{\"site_name\":\"americanpeoplenetwork.com\",\"pf_type\":\"Fake news\",\"pf_registration\":\"Veles, Macedonia\"},{\"site_name\":\"americanpoliticnews.co\",\"os_type_1\":\"fake\",\"pf_type\":\"Fake news\",\"pf_registration\":\"Came up as available for use\"},{\"site_name\":\"americanpresident.co\",\"os_type_1\":\"fake\",\"pf_type\":\"Fake news\",\"pf_registration\":\"Tblisi, Georgia\"},{\"site_name\":\"americanprogress.org\",\"os_type_1\":\"political\",\"os_type_2\":\"reliable\"},{\"site_name\":\"americanreviewer.com\",\"os_type_1\":\"conspiracy\"},{\"site_name\":\"americanthinker.com\",\"os_type_1\":\"bias\"},{\"site_name\":\"americantoday.news\",\"os_type_1\":\"rumor\",\"os_type_2\":\"bias\"},{\"site_name\":\"americasfreedomfighters.com\",\"os_type_1\":\"bias\",\"os_type_2\":\"clickbait\"},{\"site_name\":\"ammoland.com\",\"os_type_1\":\"bias\"},{\"site_name\":\"amplifyingglass.com\",\"os_type_1\":\"clickbait\",\"os_type_2\":\"satire\"},{\"site_name\":\"amposts.com\",\"os_type_1\":\"fake\",\"pf_type\":\"Fake news\",\"pf_registration\":\"Chesterbrook, Pa.^\"},{\"site_name\":\"amren.com\",\"os_type_1\":\"hate\"},{\"site_name\":\"amtvmedia.com\",\"os_type_1\":\"rumor\",\"os_type_2\":\"unreliable\"},{\"site_name\":\"amusmentic.com\",\"os_type_1\":\"clickbait\",\"os_type_2\":\"rumor\"},{\"site_name\":\"ancient-code.com\",\"os_type_1\":\"junksci\",\"os_type_2\":\"unreliable\"},{\"site_name\":\"anews24.org/\",\"os_type_1\":\"fake\",\"pf_type\":\"Fake news\",\"pf_registration\":\"Panama, Pa. *\"},{\"site_name\":\"angrypatriotmovement.com\",\"os_type_1\":\"conspiracy\",\"os_type_2\":\"fake\",\"pf_type\":\"Fake news\",\"pf_registration\":\"Scottsdale, Ariz. **\"},{\"site_name\":\"anonews.co\",\"os_type_1\":\"unreliable\"},{\"site_name\":\"anonhq.com\",\"os_type_1\":\"unreliable\"},{\"site_name\":\"anonjekloy.tk\",\"os_type_1\":\"fake\",\"pf_type\":\"Fake news\",\"pf_registration\":\"Amsterdam, Netherlands\"},{\"site_name\":\"anonnews.co\",\"os_type_1\":\"unreliable\"},{\"site_name\":\"anotherdayintheempire.com\",\"os_type_1\":\"bias\",\"os_type_2\":\"conspiracy\"},{\"site_name\":\"antiwar.com\",\"os_type_1\":\"bias\",\"os_type_2\":\"unreliable\"},{\"site_name\":\"antoniusaquinas.wp.com\",\"os_type_1\":\"bias\",\"os_type_2\":\"conspiracy\"},{\"site_name\":\"aryannationswordwide1488.org\",\"os_type_1\":\"hate\"},{\"site_name\":\"asia-pacificresearch.com\",\"os_type_1\":\"unreliable\",\"os_type_2\":\"satire\"},{\"site_name\":\"assassinationscience.com\",\"os_type_1\":\"conspiracy\",\"os_type_2\":\"junksci\"},{\"site_name\":\"associatedmediacoverage.com\",\"os_type_1\":\"satire\",\"pf_type\":\"Parody site\",\"pf_registration\":\"Scottsdale, Ariz. **\"},{\"site_name\":\"attn.com\",\"os_type_1\":\"political\",\"os_type_2\":\"clickbait\"},{\"site_name\":\"aurora-news.us\",\"os_type_1\":\"fake\",\"pf_type\":\"Imposter site\",\"pf_registration\":\"Santiago, Chile\"},{\"site_name\":\"automaticearth.com\",\"os_type_1\":\"unreliable\"},{\"site_name\":\"automotostar.com\",\"os_type_1\":\"clickbait\"},{\"site_name\":\"awarenessact.com\",\"os_type_1\":\"conspiracy\",\"os_type_2\":\"junksci\"},{\"site_name\":\"awazetribune.com\",\"os_type_1\":\"satire\"},{\"site_name\":\"awdnews.com\",\"os_type_1\":\"conspiracy\"},{\"site_name\":\"awm.com\",\"os_type_1\":\"unreliable\",\"os_type_2\":\"bias\",\"os_type_2_1\":\"clickbait\"},{\"site_name\":\"baptistnews.com\",\"os_type_1\":\"political\"},{\"site_name\":\"barenakedislam.com\",\"os_type_1\":\"hate\"},{\"site_name\":\"barnesreview.org\",\"os_type_1\":\"hate\"},{\"site_name\":\"bb4sp.com\",\"os_type_1\":\"conspiracy\",\"os_type_2\":\"bias\",\"os_type_2_1\":\"fake\",\"pf_type\":\"Fake news\",\"pf_registration\":\"Midwest City, Okla.\"},{\"site_name\":\"beehivebugle.com\",\"os_type_1\":\"satire\"},{\"site_name\":\"beforeitsnews.com\",\"os_type_1\":\"fake\",\"os_type_2\":\"conspiracy\",\"os_type_2_1\":\"rumor\",\"pf_type\":\"Fake news\",\"pf_registration\":\"Scottsdale, Ariz. **\"},{\"site_name\":\"betootaadvocate.com\",\"os_type_1\":\"satire\"},{\"site_name\":\"bients.com\",\"os_type_1\":\"clickbait\"},{\"site_name\":\"bigamericannews.com\",\"os_type_1\":\"satire\",\"os_type_2\":\"fake\"},{\"site_name\":\"bigbluedimension.com\",\"os_type_1\":\"rumor\",\"os_type_2\":\"bias\"},{\"site_name\":\"bigbluevision.com\",\"os_type_1\":\"hate\"},{\"site_name\":\"bigbluevision.org\",\"os_type_1\":\"clickbait\",\"os_type_2\":\"bias\"},{\"site_name\":\"bighairynews.com\",\"os_type_1\":\"fake\",\"os_type_2\":\"conspiracy\"},{\"site_name\":\"bignuggetnews.com\",\"os_type_1\":\"bias\",\"os_type_2\":\"rumor\"},{\"site_name\":\"bipartisanreport.com\",\"os_type_1\":\"clickbait\",\"os_type_2\":\"bias\"},{\"site_name\":\"blackagendareport.com\",\"os_type_1\":\"unreliable\"},{\"site_name\":\"blackgenocide.org\",\"os_type_1\":\"conspiracy\",\"os_type_2\":\"bias\",\"os_type_2_1\":\"hate\"},{\"site_name\":\"blackinsurancenews.com\",\"pf_type\":\"Some fake stories\",\"pf_registration\":\"Ridgefield Park, N.J.\"},{\"site_name\":\"blackinusrancenews.com\",\"os_type_1\":\"fake\",\"os_type_2\":\"unreliable\"},{\"site_name\":\"blacklistednews.com\",\"os_type_1\":\"clickbait\",\"os_type_2\":\"unreliable\"},{\"site_name\":\"bluenationreview.com\",\"os_type_1\":\"clickbait\",\"os_type_2\":\"unreliable\"},{\"site_name\":\"bluevision.news\",\"pf_type\":\"Fake news\",\"pf_registration\":\"Panama, Pa. *\"},{\"site_name\":\"bluevisionpost.com\",\"pf_type\":\"Fake news\",\"pf_registration\":\"Panama, Pa. *\"},{\"site_name\":\"boilingfrogspost.com\",\"os_type_1\":\"unreliable\"},{\"site_name\":\"borowitzreport.com\",\"os_type_1\":\"satire\"},{\"site_name\":\"bostonleader.com\",\"os_type_1\":\"fake\",\"pf_type\":\"Parody site\",\"pf_registration\":\"Toronto, Canada !!!\"},{\"site_name\":\"bostontribune.com\",\"os_type_1\":\"satire\",\"os_type_2\":\"fake\",\"pf_type\":\"Parody site\",\"pf_registration\":\"Scottsdale, Ariz. **\"},{\"site_name\":\"breaking911.com\",\"os_type_1\":\"clickbait\",\"os_type_2\":\"unreliable\"},{\"site_name\":\"breakpoint.org\",\"os_type_1\":\"unreliable\"},{\"site_name\":\"breitbart.com\",\"os_type_1\":\"political\",\"os_type_2\":\"unreliable\",\"os_type_2_1\":\"bias\"},{\"site_name\":\"brotherjohnf.com\",\"os_type_1\":\"bias\",\"os_type_2\":\"conspiracy\"},{\"site_name\":\"bullionbullscanada.com\",\"os_type_1\":\"conspiracy\"},{\"site_name\":\"burrardstreetjournal.com\",\"os_type_1\":\"satire\"},{\"site_name\":\"buzzfeedusa.com\",\"os_type_1\":\"fake\",\"os_type_2\":\"rumor\",\"pf_type\":\"Fake news\",\"pf_registration\":\"Scottsdale, Ariz. **\"},{\"site_name\":\"bvanews.com\",\"os_type_1\":\"unreliable\",\"os_type_2\":\"bias\",\"os_type_2_1\":\"fake\"},{\"site_name\":\"callthecops.net\",\"os_type_1\":\"satire\"},{\"site_name\":\"canadafreepress.com\",\"os_type_1\":\"conspiracy\",\"os_type_2\":\"bias\"},{\"site_name\":\"cannasos.com\",\"os_type_1\":\"fake\",\"os_type_2\":\"unreliable\",\"pf_type\":\"Some fake stories\",\"pf_registration\":\"Scottsdale, Ariz. **\"},{\"site_name\":\"cap-news.com\",\"os_type_1\":\"fake\"},{\"site_name\":\"cato.org/blog\",\"os_type_1\":\"political\",\"os_type_2\":\"reliable\"},{\"site_name\":\"cbsnews.com.co\",\"os_type_1\":\"fake\"},{\"site_name\":\"celebtricity.com\",\"os_type_1\":\"satire\"},{\"site_name\":\"centerforsecuritypolicy.org\",\"os_type_1\":\"bias\",\"os_type_2\":\"conspiracy\"},{\"site_name\":\"centerforsecuritypolicy.org/#articles\",\"os_type_1\":\"hate\"},{\"site_name\":\"channel-7-news.com\",\"os_type_1\":\"fake\"},{\"site_name\":\"channel18news.com\",\"os_type_1\":\"fake\",\"pf_type\":\"Imposter site\",\"pf_registration\":\"Scottsdale, Ariz. **\"},{\"site_name\":\"charismanews.com\",\"os_type_1\":\"bias\"},{\"site_name\":\"chaser.com.au\",\"os_type_1\":\"satire\"},{\"site_name\":\"checkoutthehealthyworld.com\",\"os_type_1\":\"junksci\",\"os_type_2\":\"clickbait\"},{\"site_name\":\"christianfightback.com\",\"os_type_1\":\"hate\",\"os_type_2\":\"bias\"},{\"site_name\":\"christianpost.com\",\"os_type_1\":\"reliable\",\"os_type_2\":\"political\"},{\"site_name\":\"christiantimesnewspaper.com\",\"os_type_1\":\"rumor\",\"os_type_2\":\"bias\",\"os_type_2_1\":\"fake\",\"pf_type\":\"Imposter site\",\"pf_registration\":\"Scottsdale, Ariz. **\"},{\"site_name\":\"christiantoday.info\",\"pf_type\":\"Fake news\",\"pf_registration\":\"Scottsdale, Ariz. **\"},{\"site_name\":\"christwire.org\",\"os_type_1\":\"satire\"},{\"site_name\":\"chronicle.su\",\"os_type_1\":\"satire\"},{\"site_name\":\"chroniclesmagazine.org\",\"os_type_1\":\"political\"},{\"site_name\":\"citizensunited.org\",\"os_type_1\":\"bias\"},{\"site_name\":\"city-journal.org\",\"os_type_1\":\"political\"},{\"site_name\":\"cityworldnews.com\",\"os_type_1\":\"fake\"},{\"site_name\":\"civictribune.com\",\"pf_type\":\"Fake news\",\"pf_registration\":\"Scottsdale, Ariz. **\"},{\"site_name\":\"civictribune.com\",\"os_type_1\":\"fake\",\"pf_type\":\"Imposter site\",\"pf_registration\":\"Scottsdale, Ariz. **\"},{\"site_name\":\"clashdaily.com\",\"os_type_1\":\"fake\",\"os_type_2\":\"conspiracy\",\"os_type_2_1\":\"bias\",\"pf_type\":\"Fake news\",\"pf_registration\":\"Scottsdale, Ariz. **\"},{\"site_name\":\"clickhole.com\",\"os_type_1\":\"satire\"},{\"site_name\":\"cnnews3.com\",\"os_type_1\":\"fake\",\"pf_type\":\"Imposter site\",\"pf_registration\":\"Scottsdale, Ariz. **\"},{\"site_name\":\"cnnnext.com\",\"os_type_1\":\"unreliable\"},{\"site_name\":\"cnsnews.com\",\"os_type_1\":\"unreliable\",\"os_type_2\":\"bias\"},{\"site_name\":\"coasttocoastam.com\",\"os_type_1\":\"unreliable\"},{\"site_name\":\"coed.com\",\"os_type_1\":\"fake\",\"os_type_2\":\"unreliable\",\"pf_type\":\"Some fake stories\",\"pf_registration\":\"New York, N.Y.\"},{\"site_name\":\"collective-evolution.com\",\"os_type_1\":\"junksci\"},{\"site_name\":\"collectivelyconscious.net\",\"os_type_1\":\"junksci\",\"os_type_2\":\"conspiracy\"},{\"site_name\":\"commentarymagazine.com\",\"os_type_1\":\"political\"},{\"site_name\":\"commondreams.org\",\"os_type_1\":\"political\",\"os_type_2\":\"clickbait\"},{\"site_name\":\"concisepolitics.com\",\"os_type_1\":\"conspiracy\",\"os_type_2\":\"hate\"},{\"site_name\":\"consciouslifenews.com\",\"os_type_1\":\"junksci\"},{\"site_name\":\"conservapedia.com\",\"os_type_1\":\"bias\"},{\"site_name\":\"conservativebyte.com\",\"os_type_1\":\"fake\",\"os_type_2\":\"bias\"},{\"site_name\":\"conservativedailypost.com\",\"os_type_1\":\"fake\",\"os_type_2\":\"unreliable\",\"pf_type\":\"Fake news\",\"pf_registration\":\"Panama, Pa. *\"},{\"site_name\":\"conservativefighters.com\",\"os_type_1\":\"fake\"},{\"site_name\":\"conservativefiringline.com\",\"os_type_1\":\"bias\",\"os_type_2\":\"conspiracy\",\"os_type_2_1\":\"clickbait\"},{\"site_name\":\"conservativeflashnews.com\",\"os_type_1\":\"fake\",\"pf_type\":\"Fake news\",\"pf_registration\":\"Panama, Pa.*\"},{\"site_name\":\"conservativehq.com\",\"os_type_1\":\"bias\"},{\"site_name\":\"conservativeinfidel.com\",\"os_type_1\":\"fake\",\"os_type_2\":\"conspiracy\"},{\"site_name\":\"conservativeinfocorner.com\",\"pf_type\":\"Fake news\",\"pf_registration\":\"Came up as available for use\"},{\"site_name\":\"conservativeoutfitters.com\",\"os_type_1\":\"unreliable\",\"os_type_2\":\"clickbait\"},{\"site_name\":\"conservativepapers.com\",\"os_type_1\":\"bias\"},{\"site_name\":\"conservativerefocus.com\",\"os_type_1\":\"conspiracy\"},{\"site_name\":\"conservativereview.com\",\"os_type_1\":\"political\"},{\"site_name\":\"conservativespirit.com\",\"os_type_1\":\"bias\",\"os_type_2\":\"fake\",\"pf_type\":\"Fake news\",\"pf_registration\":\"Chesterbrook, Pa.^\"},{\"site_name\":\"conservativestate.com\",\"os_type_1\":\"bias\"},{\"site_name\":\"conservativetribune.com\",\"os_type_1\":\"bias\",\"os_type_2\":\"conspiracy\",\"os_type_2_1\":\"unreliable\"},{\"site_name\":\"consortiumnews.com\",\"os_type_1\":\"reliable\"},{\"site_name\":\"conspiracyplanet.com\",\"os_type_1\":\"conspiracy\"},{\"site_name\":\"conspiracywire.com\",\"os_type_1\":\"conspiracy\"},{\"site_name\":\"corbettreport.com\",\"os_type_1\":\"conspiracy\"},{\"site_name\":\"countdowntozerotime.com\",\"os_type_1\":\"conspiracy\"},{\"site_name\":\"countercurrentnews.com\",\"os_type_1\":\"bias\"},{\"site_name\":\"countercurrents.org\",\"os_type_1\":\"political\",\"os_type_2\":\"unreliable\"},{\"site_name\":\"counterinformation.wordpress.com\",\"os_type_1\":\"political\"},{\"site_name\":\"counterjihad.com\",\"os_type_1\":\"bias\"},{\"site_name\":\"counterpsyops.com\",\"os_type_1\":\"conspiracy\"},{\"site_name\":\"counterpunch.com\",\"os_type_1\":\"political\"},{\"site_name\":\"counterpunch.org\",\"os_type_1\":\"political\"},{\"site_name\":\"cowgernation.com\",\"os_type_1\":\"bias\",\"os_type_2\":\"conspiracy\"},{\"site_name\":\"creambmp.com\",\"os_type_1\":\"satire\",\"os_type_2\":\"fake\"},{\"site_name\":\"creativitymovement.net/category/news/\",\"os_type_1\":\"hate\"},{\"site_name\":\"cryptogon.com\",\"os_type_1\":\"conspiracy\",\"os_type_2\":\"unreliable\"},{\"site_name\":\"crystalair.com\",\"os_type_1\":\"satire\"},{\"site_name\":\"dailybuzzlive.com\",\"os_type_1\":\"fake\"},{\"site_name\":\"dailycaller.com\",\"os_type_1\":\"political\",\"os_type_2\":\"clickbait\",\"os_type_2_1\":\"bias\"},{\"site_name\":\"dailycurrant.com\",\"os_type_1\":\"satire\"},{\"site_name\":\"dailydiscord.com\",\"os_type_1\":\"satire\"},{\"site_name\":\"dailyheadlines.com\",\"os_type_1\":\"fake\"},{\"site_name\":\"dailyheadlines.net\",\"os_type_1\":\"fake\"},{\"site_name\":\"dailyinfobox.com\",\"os_type_1\":\"fake\",\"pf_type\":\"Fake news\",\"pf_registration\":\"Panama, Pa.*\"},{\"site_name\":\"dailyken.com\",\"os_type_1\":\"hate\"},{\"site_name\":\"dailykos.com\",\"os_type_1\":\"political\",\"os_type_2\":\"clickbait\"},{\"site_name\":\"dailyleak.org\",\"os_type_1\":\"satire\",\"os_type_2\":\"fake\"},{\"site_name\":\"dailynews10.com\",\"os_type_1\":\"fake\",\"pf_type\":\"Imposter site\",\"pf_registration\":\"Scottsdale, Ariz. **\"},{\"site_name\":\"dailynews5.com\",\"os_type_1\":\"fake\",\"pf_type\":\"Imposter site\",\"pf_registration\":\"Scottsdale, Ariz. **\"},{\"site_name\":\"dailynewsbin.com\",\"os_type_1\":\"bias\",\"os_type_2\":\"clickbait\"},{\"site_name\":\"dailynewsposts.info\",\"os_type_1\":\"fake\",\"pf_type\":\"Fake news\",\"pf_registration\":\"Chesterbrook, Pa ^\"},{\"site_name\":\"dailyoccupation.com\",\"os_type_1\":\"conspiracy\",\"os_type_2\":\"bias\"},{\"site_name\":\"dailypoliticsusa.com\",\"os_type_1\":\"bias\"},{\"site_name\":\"dailysignal.com\",\"os_type_1\":\"bias\"},{\"site_name\":\"dailysnark.com\",\"os_type_1\":\"satire\",\"pf_type\":\"Parody site\",\"pf_registration\":\"Scottsdale, Ariz. **\"},{\"site_name\":\"dailysquib.co.uk\",\"os_type_1\":\"satire\"},{\"site_name\":\"dailystormer.com\",\"os_type_1\":\"hate\",\"os_type_2\":\"conspiracy\",\"os_type_2_1\":\"bias\"},{\"site_name\":\"dailysurge.com\",\"os_type_1\":\"fake\",\"pf_type\":\"Fake news\",\"pf_registration\":\"Alexandria, Va.\"},{\"site_name\":\"dailytelegraph.com.au\",\"os_type_1\":\"bias\",\"os_type_2\":\"rumor\"},{\"site_name\":\"dailyusaupdate.com\",\"os_type_1\":\"fake\",\"pf_type\":\"Fake news\",\"pf_registration\":\"Scottsdale, Ariz. **\"},{\"site_name\":\"dailywire.com\",\"os_type_1\":\"bias\"},{\"site_name\":\"damnleaks.com\",\"os_type_1\":\"fake\",\"pf_type\":\"Fake news\",\"pf_registration\":\"Colorado Springs, Colo.\"},{\"site_name\":\"dandygoat.com\",\"os_type_1\":\"satire\"},{\"site_name\":\"darkmoon.me\",\"os_type_1\":\"hate\",\"os_type_2\":\"bias\"},{\"site_name\":\"darkpolitricks.com\",\"os_type_1\":\"bias\",\"os_type_2\":\"conspiracy\"},{\"site_name\":\"dataasylum.com\",\"os_type_1\":\"conspiracy\",\"os_type_2\":\"junksci\"},{\"site_name\":\"davejanda.com\",\"os_type_1\":\"unreliable\"},{\"site_name\":\"davidduke.com\",\"os_type_1\":\"hate\"},{\"site_name\":\"davidstockmanscontracorner.com\",\"os_type_1\":\"political\"},{\"site_name\":\"davidwolfe.com\",\"os_type_1\":\"conspiracy\"},{\"site_name\":\"dcclothesline.com\",\"os_type_1\":\"conspiracy\",\"os_type_2\":\"junksci\"},{\"site_name\":\"dcgazette.com\",\"os_type_1\":\"fake\"},{\"site_name\":\"dcleaks.com\",\"os_type_1\":\"unreliable\"},{\"site_name\":\"ddemocraticunderground.com\",\"os_type_1\":\"fake\"},{\"site_name\":\"deadlinelive.info\",\"os_type_1\":\"political\",\"os_type_2\":\"conspiracy\"},{\"site_name\":\"deadlyclear.wordpress.com\",\"os_type_1\":\"bias\",\"os_type_2\":\"fake news\"},{\"site_name\":\"debunkingskeptics.com\",\"os_type_1\":\"bias\",\"os_type_2\":\"conspiracy\"},{\"site_name\":\"defenddemocracy.press\",\"os_type_1\":\"bias\",\"os_type_2\":\"political\"},{\"site_name\":\"democraticmoms.com\",\"pf_type\":\"Fake news\",\"pf_registration\":\"Panama, Pa. *\"},{\"site_name\":\"dennismichaellynch.com\",\"os_type_1\":\"political\"},{\"site_name\":\"denverguardian.com\",\"os_type_1\":\"fake\"},{\"site_name\":\"denverinquirer.com\",\"pf_type\":\"Imposter site\",\"pf_registration\":\"Toronto, Canada !!!\"},{\"site_name\":\"departed.co\",\"os_type_1\":\"fake\"},{\"site_name\":\"departedmedia.com\",\"os_type_1\":\"fake\",\"pf_type\":\"Fake news\",\"pf_registration\":\"Chesterbrook, Pa.^\"},{\"site_name\":\"der-postillon.com\",\"os_type_1\":\"satire\"},{\"site_name\":\"derfmagazine.com\",\"os_type_1\":\"satire\"},{\"site_name\":\"dineal.com\",\"os_type_1\":\"junksci\"},{\"site_name\":\"disclose.tv\",\"os_type_1\":\"satire\",\"os_type_2\":\"conspiracy\",\"pf_type\":\"Fake news\",\"pf_registration\":\"Passau, Germany\"},{\"site_name\":\"disclosuremedia.net\",\"os_type_1\":\"conspiracy\"},{\"site_name\":\"dissentmagazine.org\",\"os_type_1\":\"political\"},{\"site_name\":\"diversitychronicle.wordpress.com\",\"os_type_1\":\"satire\"},{\"site_name\":\"diyhours.net\",\"os_type_1\":\"fake\",\"pf_type\":\"Fake news\",\"pf_registration\":\"Panama, Pa.*\"},{\"site_name\":\"dollarvigilante.com\",\"os_type_1\":\"bias\"},{\"site_name\":\"donaldtrumpnews.co\",\"os_type_1\":\"fake\"},{\"site_name\":\"donaldtrumppotus45.com\",\"os_type_1\":\"fake\",\"pf_type\":\"Fake news\",\"pf_registration\":\"Free Union, Va.\"},{\"site_name\":\"dont-tread-on.me\",\"os_type_1\":\"conspiracy\"},{\"site_name\":\"downtrend.com\",\"os_type_1\":\"fake\",\"os_type_2\":\"satire\"},{\"site_name\":\"drrichswier.com\",\"os_type_1\":\"hate\",\"os_type_2\":\"bias\"},{\"site_name\":\"drudgereport.com\",\"os_type_1\":\"political\",\"os_type_2\":\"bias\"},{\"site_name\":\"drudgereport.com.co\",\"os_type_1\":\"fake\"},{\"site_name\":\"duffleblog.com\",\"os_type_1\":\"satire\"},{\"site_name\":\"duhprogressive.com\",\"os_type_1\":\"satire\"},{\"site_name\":\"dutchsinse.com\",\"os_type_1\":\"conspiracy\"},{\"site_name\":\"eaglerising.com\",\"os_type_1\":\"bias\",\"os_type_2\":\"clickbait\"},{\"site_name\":\"ebolahoax.com\",\"os_type_1\":\"conspiracy\"},{\"site_name\":\"economicnoise.com\",\"os_type_1\":\"political\",\"os_type_2\":\"unreliable\"},{\"site_name\":\"ecowatch.com\",\"os_type_1\":\"political\"},{\"site_name\":\"educate-yourself.org\",\"os_type_1\":\"conspiracy\",\"os_type_2\":\"junksci\"},{\"site_name\":\"educateinspirechange.org/health\",\"os_type_1\":\"clickbait\",\"os_type_2\":\"junksci\"},{\"site_name\":\"electionnightgatekeepers.com\",\"os_type_1\":\"conspiracy\",\"os_type_2\":\"unreliable\"},{\"site_name\":\"elelephantintheroom.blogspot.com\",\"os_type_1\":\"bias\"},{\"site_name\":\"elitereaders.com\",\"os_type_1\":\"clickbait\"},{\"site_name\":\"elkoshary.com\",\"os_type_1\":\"satire\"},{\"site_name\":\"elmundotoday.com\",\"os_type_1\":\"satire\"},{\"site_name\":\"embols.com\",\"os_type_1\":\"fake\"},{\"site_name\":\"empirehearland.com\",\"os_type_1\":\"fake\"},{\"site_name\":\"empireherald.com\",\"os_type_1\":\"fake\",\"os_type_2\":\"satire\",\"pf_type\":\"Imposter site\",\"pf_registration\":\"Scottsdale, Ariz. **\"},{\"site_name\":\"empirenews.net\",\"os_type_1\":\"fake\",\"os_type_2\":\"satire\",\"pf_type\":\"Parody site\",\"pf_registration\":\"Chesterbrook, Pa ^\"},{\"site_name\":\"empirenews.net\",\"os_type_1\":\"fake\"},{\"site_name\":\"empiresports.co\",\"os_type_1\":\"satire\",\"pf_type\":\"Parody site\",\"pf_registration\":\"Sellersburg, IN\"},{\"site_name\":\"empiresports.co\",\"os_type_1\":\"satire\"},{\"site_name\":\"emptywheel.net\",\"os_type_1\":\"political\"},{\"site_name\":\"en-volve.com\",\"pf_type\":\"Fake news\",\"pf_registration\":\"Chesterbrook, Pa. ^\"},{\"site_name\":\"en-vovle.com\",\"os_type_1\":\"fake\"},{\"site_name\":\"enabon.com\",\"os_type_1\":\"fake\"},{\"site_name\":\"endingthefed.com\",\"os_type_1\":\"bias\"},{\"site_name\":\"endoftheamericandream.com\",\"os_type_1\":\"Conspiracy\",\"os_type_2\":\"Fake\",\"os_type_2_1\":\"Political\"},{\"site_name\":\"endtime.com\",\"os_type_1\":\"bias\",\"os_type_2\":\"clickbait\",\"os_type_2_1\":\"Political\"},{\"site_name\":\"enduringvision.com\",\"os_type_1\":\"fake\"},{\"site_name\":\"enhlive.com\",\"os_type_1\":\"fake\",\"pf_type\":\"Fake news\",\"pf_registration\":\"Brea, Calif. !!\"},{\"site_name\":\"eutimes.net\",\"os_type_1\":\"hate\",\"os_type_2\":\"conspiracy\"},{\"site_name\":\"eutopia.buzz\",\"os_type_1\":\"fake\",\"os_type_2\":\"satire\",\"os_type_2_1\":\"conspiracy\"},{\"site_name\":\"ewao.com\",\"os_type_1\":\"junksci\"},{\"site_name\":\"experimentalvaccines.org\",\"os_type_1\":\"junksci\",\"os_type_2\":\"conspiracy\"},{\"site_name\":\"expose1933.com\",\"os_type_1\":\"conspiracy\",\"os_type_2\":\"hate\"},{\"site_name\":\"express.co.uk\",\"os_type_1\":\"rumor\"},{\"site_name\":\"extraclubmagazine.com\",\"os_type_1\":\"bias\",\"os_type_2\":\"clickbait\",\"os_type_2_1\":\"fake\"},{\"site_name\":\"eyeopening.info\",\"os_type_1\":\"conspiracy\",\"os_type_2\":\"junksci\"},{\"site_name\":\"fakingnews.com\",\"os_type_1\":\"fake\",\"os_type_2\":\"satire\"},{\"site_name\":\"familysecuritymatters.org\",\"os_type_1\":\"conspiracy\",\"os_type_2\":\"bias\"},{\"site_name\":\"farmwars.info\",\"os_type_1\":\"fake news\",\"os_type_2\":\"conspiracy\"},{\"site_name\":\"federalistpress.com\",\"os_type_1\":\"bias\"},{\"site_name\":\"federalisttribune.com\",\"pf_type\":\"Fake news\",\"pf_registration\":\"Brea, Calif. !!\"},{\"site_name\":\"fedsalert.com\",\"os_type_1\":\"fake\",\"pf_type\":\"Fake news\",\"pf_registration\":\"Scottsdale, Ariz. **\"},{\"site_name\":\"fellowshipoftheminds.com\",\"os_type_1\":\"conspiracy\",\"os_type_2\":\"junksci\"},{\"site_name\":\"filmsforaction.org\",\"os_type_1\":\"political\"},{\"site_name\":\"financialsurvivalnetwork.com\",\"os_type_1\":\"unreliable\",\"os_type_2\":\"bias\"},{\"site_name\":\"firearmscoalition.org\",\"os_type_1\":\"bias\",\"os_type_2\":\"blog\"},{\"site_name\":\"firstpost.com\",\"pf_type\":\"Some fake stories\",\"pf_registration\":\"Mumbai, India\"},{\"site_name\":\"flashnewscorner.com\",\"os_type_1\":\"fake\",\"pf_type\":\"Fake news\",\"pf_registration\":\"Panama, Pa.*\"},{\"site_name\":\"floridasunpost.com\",\"os_type_1\":\"fake\",\"os_type_2\":\"satirical\",\"pf_type\":\"Parody site\",\"pf_registration\":\"Toronto, Canada !!!\"},{\"site_name\":\"fmobserver.com\",\"os_type_1\":\"satire\"},{\"site_name\":\"focusnews.info\",\"pf_type\":\"Fake news\",\"pf_registration\":\"Scottsdale, Ariz. **\"},{\"site_name\":\"fognews.ru\",\"os_type_1\":\"satire\"},{\"site_name\":\"foodbabe.com\",\"os_type_1\":\"junksci\"},{\"site_name\":\"foreignpolicyjournal.com\",\"os_type_1\":\"political\"},{\"site_name\":\"fourwinds10.net\",\"os_type_1\":\"conspiracy\",\"os_type_2\":\"junksci\"},{\"site_name\":\"fox-news24.com\",\"pf_type\":\"Imposter site\",\"pf_registration\":\"Scottsdale, Ariz. **\"},{\"site_name\":\"fprnradio.com\",\"os_type_1\":\"conspiracy\",\"os_type_2\":\"fake\"},{\"site_name\":\"freakoutnation.com\",\"os_type_1\":\"bias\"},{\"site_name\":\"freebeacon.com\",\"os_type_1\":\"bias\"},{\"site_name\":\"freedomcrossroads.us\",\"pf_type\":\"Fake news\",\"pf_registration\":\"North Waterboro, Me.\"},{\"site_name\":\"freedomdaily.com\",\"os_type_1\":\"fake\",\"pf_type\":\"Fake news\",\"pf_registration\":\"Scottsdale, Ariz. **\"},{\"site_name\":\"freedomforceinternational.com\",\"os_type_1\":\"conspiracy\"},{\"site_name\":\"freedomoutpost.com\",\"os_type_1\":\"conspiracy\",\"os_type_2\":\"bias\"},{\"site_name\":\"freedomsfinalstand.com\",\"pf_type\":\"Fake news\",\"pf_registration\":\"Scottsdale, Ariz. **\"},{\"site_name\":\"freedomsphoenix.com\",\"os_type_1\":\"bias\",\"os_type_2\":\"conspiracy\"},{\"site_name\":\"freedomworks.org\",\"os_type_1\":\"political\"},{\"site_name\":\"freedomworldnews.com\",\"os_type_1\":\"bias\",\"os_type_2\":\"unreliable\"},{\"site_name\":\"freepatriot.org\",\"os_type_1\":\"satire\"},{\"site_name\":\"freewoodpost.com\",\"os_type_1\":\"satire\",\"pf_type\":\"Parody site\",\"pf_registration\":\"Scottsdale, Ariz. **\"},{\"site_name\":\"freshdailyreport.com\",\"os_type_1\":\"fake\",\"pf_type\":\"Fake news\",\"pf_registration\":\"Veles, Macedonia\"},{\"site_name\":\"fridaymash.com\",\"os_type_1\":\"satire\"},{\"site_name\":\"fromthetrenchesworldreport.com\",\"os_type_1\":\"conspiracy\",\"os_type_2\":\"junksci\",\"os_type_2_1\":\"bias\"},{\"site_name\":\"frontpagemag.com\",\"os_type_1\":\"bias\",\"os_type_2\":\"hate\"},{\"site_name\":\"fusion.net\",\"os_type_1\":\"political\",\"os_type_2\":\"reliable\"},{\"site_name\":\"gaia.com\",\"os_type_1\":\"conspiracy\",\"os_type_2\":\"junksci\"},{\"site_name\":\"galacticconnection.com\",\"os_type_1\":\"junksci\"},{\"site_name\":\"gangstergovernment.com\",\"os_type_1\":\"conspiracy\",\"os_type_2\":\"bias\"},{\"site_name\":\"gatesofvienna.net\",\"os_type_1\":\"hate\",\"os_type_2\":\"conspiracy\"},{\"site_name\":\"geoengineeringwatch.org\",\"os_type_1\":\"junksci\",\"os_type_2\":\"conspiracy\"},{\"site_name\":\"geopolmonitor.com\",\"os_type_1\":\"political\"},{\"site_name\":\"givemeliberity01.com\",\"os_type_1\":\"fake\"},{\"site_name\":\"givemeliberty01.com\",\"pf_type\":\"Fake news\",\"pf_registration\":\"Scottsdale, Ariz. **\"},{\"site_name\":\"glaringhypocrisy.com\",\"os_type_1\":\"hate\",\"os_type_2\":\"conspiracy\"},{\"site_name\":\"globalpoliticsnow.com\",\"os_type_1\":\"fake\",\"pf_type\":\"Fake news\",\"pf_registration\":\"Kumanovo, Macedonia\"},{\"site_name\":\"globalresearch.ca\",\"os_type_1\":\"conspiracy\"},{\"site_name\":\"glossynews.com\",\"os_type_1\":\"satire\"},{\"site_name\":\"godlikeproductions.com\",\"os_type_1\":\"conspiracy\"},{\"site_name\":\"gomerblog.com\",\"os_type_1\":\"satire\"},{\"site_name\":\"goneleft.com\",\"os_type_1\":\"fake\"},{\"site_name\":\"gopthedailydose.com\",\"os_type_1\":\"fake\",\"os_type_2\":\"conspiracy\",\"os_type_2_1\":\"bias\"},{\"site_name\":\"govtslaves.info\",\"os_type_1\":\"conspiracy\"},{\"site_name\":\"greanvillepost.com\",\"os_type_1\":\"conspiracy\"},{\"site_name\":\"greenmedinfo.com\",\"os_type_1\":\"junksci\"},{\"site_name\":\"guardianlv.com\",\"os_type_1\":\"political\"},{\"site_name\":\"guccifer2.wordpress.com\",\"os_type_1\":\"unreliable\"},{\"site_name\":\"gulagbound.com\",\"os_type_1\":\"bias\"},{\"site_name\":\"gummypost.com\",\"os_type_1\":\"fake\",\"pf_type\":\"Fake news\",\"pf_registration\":\"Scottsdale, Ariz. **\"},{\"site_name\":\"hangthebankers.com\",\"os_type_1\":\"conspiracy\"},{\"site_name\":\"healthimpactnews.com\",\"os_type_1\":\"junksci\",\"os_type_2\":\"bias\"},{\"site_name\":\"healthnutnews.com\",\"os_type_1\":\"junksci\"},{\"site_name\":\"healthy-holistic-living.com\",\"os_type_1\":\"junksci\",\"os_type_2\":\"clickbait\"},{\"site_name\":\"healthycareandbeauty.com\",\"os_type_1\":\"fake\",\"os_type_2\":\"unreliable\",\"pf_type\":\"Some fake stories\",\"pf_registration\":\"Berlin, Germany\"},{\"site_name\":\"healthyworldhouse.com\",\"os_type_1\":\"fake\",\"pf_type\":\"Fake news\",\"pf_registration\":\"Kumanovo, Macedonia\"},{\"site_name\":\"heartland.org\",\"os_type_1\":\"bias\"},{\"site_name\":\"heatst.com\",\"os_type_1\":\"clickbait\",\"os_type_2\":\"bias\"},{\"site_name\":\"henrymakow.com\",\"os_type_1\":\"conspiracy\"},{\"site_name\":\"heresyblog.net\",\"os_type_1\":\"bias\",\"os_type_2\":\"conspiracy\",\"os_type_2_1\":\"rumor\"},{\"site_name\":\"heritage.org\",\"os_type_1\":\"political\"},{\"site_name\":\"holyobserver.com\",\"os_type_1\":\"satire\"},{\"site_name\":\"horowitzfreedomcenter.org\",\"os_type_1\":\"bias\"},{\"site_name\":\"houstonchronicle-tv.com\",\"pf_type\":\"Imposter site\",\"pf_registration\":\"Scottsdale, Ariz. **\"},{\"site_name\":\"humansarefree.com\",\"os_type_1\":\"conspiracy\"},{\"site_name\":\"humortimes.com\",\"os_type_1\":\"satire\"},{\"site_name\":\"huzlers.com\",\"os_type_1\":\"satire\"},{\"site_name\":\"icr.org\",\"os_type_1\":\"junksci\"},{\"site_name\":\"ifyouonlynews.com\",\"os_type_1\":\"unreliable\",\"os_type_2\":\"satire\"},{\"site_name\":\"ihavethetruth.com\",\"os_type_1\":\"bias\",\"os_type_2\":\"clickbait\",\"os_type_2_1\":\"fake\"},{\"site_name\":\"ihr.org\",\"os_type_1\":\"hate\"},{\"site_name\":\"ijr.com\",\"os_type_1\":\"political\",\"os_type_2\":\"bias\",\"os_type_2_1\":\"unreliable\"},{\"site_name\":\"illuminati-news.com\",\"os_type_1\":\"conspiracy\"},{\"site_name\":\"ilovemyfreedom.org\",\"os_type_1\":\"bias\",\"os_type_2\":\"clickbait\"},{\"site_name\":\"ilovenativeamericans.us\",\"pf_type\":\"Some fake stories\",\"pf_registration\":\"Kosovo, Serbia\"},{\"site_name\":\"immediatesafety.org\",\"os_type_1\":\"fake\"},{\"site_name\":\"in5d.com\",\"os_type_1\":\"junksci\"},{\"site_name\":\"indiaarising.com\",\"os_type_1\":\"clickbait\",\"os_type_2\":\"unreliable\"},{\"site_name\":\"infiniteunknown.net\",\"os_type_1\":\"conspiracy\"},{\"site_name\":\"informationclearinghouse.info\",\"os_type_1\":\"conspiracy\",\"os_type_2\":\"unreliable\"},{\"site_name\":\"informetoday.com\",\"os_type_1\":\"bias\",\"os_type_2\":\"unreliable\"},{\"site_name\":\"infostormer.com\",\"os_type_1\":\"fake\",\"os_type_2\":\"hate\",\"os_type_2_1\":\"conspiracy\"},{\"site_name\":\"infowars.com\",\"os_type_1\":\"conspiracy\"},{\"site_name\":\"instaworldnews.com\",\"os_type_1\":\"bias\"},{\"site_name\":\"intellihub.com\",\"os_type_1\":\"conspiracy\",\"os_type_2\":\"unreliable\"},{\"site_name\":\"interestingdailynews.com\",\"os_type_1\":\"fake\",\"pf_type\":\"Fake news\",\"pf_registration\":\"Orem, Utah~\"},{\"site_name\":\"intrendtoday.com\",\"os_type_1\":\"fake\",\"os_type_2\":\"clickbait\"},{\"site_name\":\"intrepidreport.com\",\"os_type_1\":\"bias\"},{\"site_name\":\"investmentresearchdynamics.com\",\"os_type_1\":\"conspiracy\"},{\"site_name\":\"investmentwatchblog.com\",\"os_type_1\":\"bias\",\"os_type_2\":\"fake\"},{\"site_name\":\"ironictimes.com\",\"os_type_1\":\"satire\"},{\"site_name\":\"islamicanews.com\",\"os_type_1\":\"satire\"},{\"site_name\":\"isthatlegit.com\",\"pf_type\":\"Fake news\",\"pf_registration\":\"Toronto, Canada !!!\"},{\"site_name\":\"itaglive.com\",\"os_type_1\":\"fake\"},{\"site_name\":\"itccs.org\",\"os_type_1\":\"conspiracy\"},{\"site_name\":\"itmakessenseblog.com\",\"os_type_1\":\"fake\"},{\"site_name\":\"iwanttoexplore.com\",\"os_type_1\":\"fake\"},{\"site_name\":\"jackpineradicals.com\",\"os_type_1\":\"political\"},{\"site_name\":\"jacobinmag.com\",\"os_type_1\":\"political\"},{\"site_name\":\"jamesrgrangerjr.com\",\"os_type_1\":\"bias\"},{\"site_name\":\"jesus-is-savior.com\",\"os_type_1\":\"conspiracy\"},{\"site_name\":\"jewsnews.co.il\",\"os_type_1\":\"unreliable\",\"os_type_2\":\"bias\",\"os_type_2_1\":\"fake\",\"pf_type\":\"Some fake stories\",\"pf_registration\":\"Shiloh, Israel\"},{\"site_name\":\"jihadwatch.org\",\"os_type_1\":\"conspiracy\",\"os_type_2\":\"hate\"},{\"site_name\":\"johnnyrobish.com\",\"os_type_1\":\"satire\"},{\"site_name\":\"jonesreport.com\",\"os_type_1\":\"conspiracy\"},{\"site_name\":\"journal-neo.org\",\"os_type_1\":\"bias\"},{\"site_name\":\"judicialwatch.org\",\"os_type_1\":\"political\"},{\"site_name\":\"katehon.com\",\"os_type_1\":\"bias\"},{\"site_name\":\"kmt11.com\",\"os_type_1\":\"fake\",\"pf_type\":\"Imposter site\",\"pf_registration\":\"Scottsdale, Ariz. **\"},{\"site_name\":\"knowledgeoftoday.org\",\"os_type_1\":\"conspiracy\"},{\"site_name\":\"konkonsagh.biz\",\"os_type_1\":\"fake\",\"pf_type\":\"Fake news\",\"pf_registration\":\"Ashanti, Ghana\"},{\"site_name\":\"krbcnews.com\",\"os_type_1\":\"fake\"},{\"site_name\":\"ky12news.com\",\"os_type_1\":\"fake\",\"pf_type\":\"Imposter site\",\"pf_registration\":\"Scottsdale, Ariz. **\"},{\"site_name\":\"ladylibertynews.com\",\"os_type_1\":\"fake\"},{\"site_name\":\"ladylibertysnews.com\",\"pf_type\":\"Fake news\",\"pf_registration\":\"Kirkland, Wash.***\"},{\"site_name\":\"landoverbaptist.org\",\"os_type_1\":\"satire\"},{\"site_name\":\"lastdeplorables.com\",\"os_type_1\":\"fake\",\"pf_type\":\"Fake news\",\"pf_registration\":\"Scottsdale, Ariz. **\"},{\"site_name\":\"learnprogress.org\",\"os_type_1\":\"fake\",\"os_type_2\":\"bias\",\"pf_type\":\"Some fake stories\",\"pf_registration\":\"Scottsdale, Ariz. **\"},{\"site_name\":\"lewrockwell.com\",\"os_type_1\":\"bias\",\"os_type_2\":\"unreliable\",\"os_type_2_1\":\"political\"},{\"site_name\":\"liberalamerica.org\",\"os_type_1\":\"clickbait\",\"os_type_2\":\"bias\"},{\"site_name\":\"liberalbias.com\",\"os_type_1\":\"satire\"},{\"site_name\":\"liberaldarkness.com\",\"os_type_1\":\"satire\",\"os_type_2\":\"fake\"},{\"site_name\":\"liberalplug.com\",\"os_type_1\":\"fake\",\"pf_type\":\"Fake news\",\"pf_registration\":\"Scottsdale, Ariz. **\"},{\"site_name\":\"liberty-courier.com\",\"pf_type\":\"Fake news\",\"pf_registration\":\"Orem, Utah~\"},{\"site_name\":\"libertyalliance.com\",\"os_type_1\":\"fake\",\"pf_type\":\"Fake news\",\"pf_registration\":\"Dallas, Ga.\"},{\"site_name\":\"libertyblitzkrieg.com\",\"os_type_1\":\"fake\"},{\"site_name\":\"libertyfederation.com\",\"os_type_1\":\"hate\"},{\"site_name\":\"libertymovementradio.com\",\"os_type_1\":\"conspiracy\"},{\"site_name\":\"libertynews.com\",\"os_type_1\":\"unreliable\",\"os_type_2\":\"bias\"},{\"site_name\":\"libertytalk.fm\",\"os_type_1\":\"conspiracy\"},{\"site_name\":\"libertyunyielding.com\",\"os_type_1\":\"bias\"},{\"site_name\":\"libertyvideos.org\",\"os_type_1\":\"conspiracy\"},{\"site_name\":\"libertywritersnews.com\",\"os_type_1\":\"clickbait\",\"os_type_2\":\"bias\",\"os_type_2_1\":\"unreliable\"},{\"site_name\":\"lifeandabout.com\",\"os_type_1\":\"bias\"},{\"site_name\":\"lifenews.com\",\"os_type_1\":\"bias\",\"os_type_2\":\"clickbait\"},{\"site_name\":\"lifeprevention.com\",\"os_type_1\":\"junksci\"},{\"site_name\":\"lifesitenews.com\",\"os_type_1\":\"clickbait\",\"os_type_2\":\"bias\"},{\"site_name\":\"lifezette.com\",\"os_type_1\":\"clickbait\"},{\"site_name\":\"liveactionnews.org\",\"os_type_1\":\"bias\"},{\"site_name\":\"livevote.com\",\"os_type_1\":\"clickbait\"},{\"site_name\":\"loanpride.com\",\"os_type_1\":\"rumor\",\"os_type_2\":\"clickbait\"},{\"site_name\":\"local31news.com\",\"os_type_1\":\"fake\",\"pf_type\":\"Imposter site\",\"pf_registration\":\"Scottsdale, Ariz. **\"},{\"site_name\":\"lovethispic.com\",\"os_type_1\":\"clickbait\",\"os_type_2\":\"junksci\"},{\"site_name\":\"lushforlife.com\",\"os_type_1\":\"satire\"},{\"site_name\":\"mad-yet.blogspot.com\",\"os_type_1\":\"unreliable\"},{\"site_name\":\"madpatriots.com\",\"os_type_1\":\"unreliable\",\"os_type_2\":\"clickbait\"},{\"site_name\":\"madworldnews.com\",\"os_type_1\":\"fake\",\"pf_type\":\"Fake news\",\"pf_registration\":\"Scottsdale, Ariz. **\"},{\"site_name\":\"madworldnews.com\",\"os_type_1\":\"unreliable\",\"os_type_2\":\"hate\"},{\"site_name\":\"madworldnews.com\",\"os_type_1\":\"unreliable\",\"os_type_2\":\"clickbait\"},{\"site_name\":\"magafeed.com\",\"os_type_1\":\"rumor\",\"os_type_2\":\"bias\",\"os_type_2_1\":\"fake\"},{\"site_name\":\"maganews.co\",\"os_type_1\":\"fake\"},{\"site_name\":\"majorthoughts.com\",\"os_type_1\":\"fake\",\"pf_type\":\"Fake news\",\"pf_registration\":\"Sunrise, Fla.\"},{\"site_name\":\"makeamericagreattoday.com\",\"os_type_1\":\"bias\",\"os_type_2\":\"fake\"},{\"site_name\":\"meanlefthook.com\",\"os_type_1\":\"bias\",\"os_type_2\":\"clickbait\"},{\"site_name\":\"mediamass.net\",\"os_type_1\":\"fake\"},{\"site_name\":\"mediazone.news\",\"os_type_1\":\"rumor\",\"os_type_2\":\"unreliable\"},{\"site_name\":\"megafreshnews.com\",\"os_type_1\":\"rumor\"},{\"site_name\":\"megynkelly.us\",\"os_type_1\":\"fake\"},{\"site_name\":\"mentor2day.com\",\"os_type_1\":\"fake\",\"pf_type\":\"Some fake stories\",\"pf_registration\":\"Scottsdale, Ariz. **\"},{\"site_name\":\"metropolitanworlds.com\",\"os_type_1\":\"fake\",\"pf_type\":\"Fake news\",\"pf_registration\":\"Accra, Ghana\"},{\"site_name\":\"militianews.com\",\"os_type_1\":\"conspiracy\",\"os_type_2\":\"bias\",\"os_type_2_1\":\"hate\"},{\"site_name\":\"mintpressnews.com\",\"os_type_1\":\"political\"},{\"site_name\":\"mississippiherald.com\",\"pf_type\":\"Imposter site\",\"pf_registration\":\"Toronto, Canada !!!\"},{\"site_name\":\"molonlabemedia.com\",\"os_type_1\":\"bias\",\"os_type_2\":\"conspiracy\"},{\"site_name\":\"moonofalabama.org\",\"os_type_1\":\"bias\"},{\"site_name\":\"morningledger.com\",\"os_type_1\":\"unreliable\",\"os_type_2\":\"conspiracy\"},{\"site_name\":\"morningnewsusa.com\",\"os_type_1\":\"unreliable\"},{\"site_name\":\"mpidailymagazine.com\",\"os_type_1\":\"fake\",\"os_type_2\":\"bias\"},{\"site_name\":\"mrc.org\",\"os_type_1\":\"political\",\"os_type_2\":\"bias\"},{\"site_name\":\"mrconservative.com\",\"os_type_1\":\"fake\",\"os_type_2\":\"satire\"},{\"site_name\":\"msnbc.website\",\"os_type_1\":\"fake\"},{\"site_name\":\"myfreshnews.com\",\"os_type_1\":\"fake\",\"os_type_2\":\"bias\"},{\"site_name\":\"myzonetoday.com\",\"os_type_1\":\"fake\",\"os_type_2\":\"bias\"},{\"site_name\":\"nahadaily.com\",\"os_type_1\":\"satire\"},{\"site_name\":\"nakedcapitalism.com\",\"os_type_1\":\"political\"},{\"site_name\":\"nasamoonhoax.com\",\"os_type_1\":\"conspiracy\"},{\"site_name\":\"nationalreport.net\",\"os_type_1\":\"satire\",\"os_type_2\":\"fake\",\"pf_type\":\"Parody site\",\"pf_registration\":\"Scottsdale, Ariz. **\"},{\"site_name\":\"nationalreview.com\",\"os_type_1\":\"political\"},{\"site_name\":\"nationalufocenter.com\",\"os_type_1\":\"conspiracy\"},{\"site_name\":\"nationalvanguard.org\",\"os_type_1\":\"hate\"},{\"site_name\":\"nationindistress.weebly.com\",\"os_type_1\":\"conspiracy\"},{\"site_name\":\"nationonenews.com\",\"os_type_1\":\"fake\",\"os_type_2\":\"conspiracy\"},{\"site_name\":\"nativeamericans.us\",\"pf_type\":\"Some fake stories\",\"pf_registration\":\"Cary, N.C.\"},{\"site_name\":\"naturalblaze.com\",\"os_type_1\":\"junksci\",\"os_type_2\":\"conspiracy\"},{\"site_name\":\"naturalnews.com\",\"os_type_1\":\"junksci\",\"os_type_2\":\"conspiracy\"},{\"site_name\":\"naturalnewsblogs.com\",\"os_type_1\":\"junksci\"},{\"site_name\":\"nbc.com.co\",\"os_type_1\":\"fake\",\"pf_type\":\"Imposter site\",\"pf_registration\":\"Phoenix, Ariz.\"},{\"site_name\":\"ncscooper.com\",\"os_type_1\":\"satire\"},{\"site_name\":\"neonnettle.com\",\"os_type_1\":\"conspiracy\",\"os_type_2\":\"fake\",\"os_type_2_1\":\"bias\",\"pf_type\":\"Fake news\",\"pf_registration\":\"Toronto, Canada !!!\"},{\"site_name\":\"nephef.com\",\"os_type_1\":\"fake\",\"pf_type\":\"Fake news\",\"pf_registration\":\"Panama, Pa.*\"},{\"site_name\":\"nevo.news\",\"os_type_1\":\"unreliable\",\"os_type_2\":\"bias\"},{\"site_name\":\"newcenturytimes.com\",\"os_type_1\":\"unreliable\",\"os_type_2\":\"bias\"},{\"site_name\":\"newcoldwar.org\",\"os_type_1\":\"political\"},{\"site_name\":\"newpoliticstoday.com\",\"os_type_1\":\"fake\",\"pf_type\":\"Fake news\",\"pf_registration\":\"Kumanovo, Macedonia\"},{\"site_name\":\"news4ktla.com\",\"os_type_1\":\"fake\",\"os_type_2\":\"satire\",\"pf_type\":\"Imposter site\",\"pf_registration\":\"Scottsdale, Ariz. **\"},{\"site_name\":\"newsbbc.net\",\"os_type_1\":\"fake\"},{\"site_name\":\"newsbiscuit.com\",\"os_type_1\":\"satire\"},{\"site_name\":\"newsbreakers.org\",\"os_type_1\":\"satire\"},{\"site_name\":\"newsbreakingspipe.com\",\"pf_type\":\"Fake news\",\"pf_registration\":\"Limassol, Cyprus\"},{\"site_name\":\"newsbreakshere.com\",\"os_type_1\":\"fake\",\"pf_type\":\"Fake news\",\"pf_registration\":\"Chesterbrook, Pa.^\"},{\"site_name\":\"newsbysquad.com\",\"os_type_1\":\"fake\",\"pf_type\":\"Fake news\",\"pf_registration\":\"Panama, Pa. *\"},{\"site_name\":\"newscorpse.com\",\"os_type_1\":\"political\"},{\"site_name\":\"newsdaily12.com\",\"os_type_1\":\"fake\",\"pf_type\":\"Imposter site\",\"pf_registration\":\"Scottsdale, Ariz. **\"},{\"site_name\":\"newsexaminer.net\",\"os_type_1\":\"fake\",\"os_type_2\":\"satire\",\"pf_type\":\"Fake news\",\"pf_registration\":\"Nobby Beach, Australia !!\"},{\"site_name\":\"newsfrompolitics.com\",\"os_type_1\":\"fake\"},{\"site_name\":\"newsjustforyou1.blogspot.com\",\"pf_type\":\"Fake news\",\"pf_registration\":\"Mountain View, Calif.\"},{\"site_name\":\"newsleak.co\",\"os_type_1\":\"fake\",\"pf_type\":\"Fake news\",\"pf_registration\":\"Tblisi, Georgia\"},{\"site_name\":\"newslo.com\",\"os_type_1\":\"fake\",\"pf_type\":\"Parody site\",\"pf_registration\":\"Thessaloniki, Greece\"},{\"site_name\":\"newslogue.com\",\"os_type_1\":\"bias\",\"os_type_2\":\"fake\"},{\"site_name\":\"newsmagazine.com\",\"os_type_1\":\"fake\"},{\"site_name\":\"newsmax.com\",\"os_type_1\":\"unreliable\",\"os_type_2\":\"bias\"},{\"site_name\":\"newsmutiny.com\",\"os_type_1\":\"satire\",\"os_type_2\":\"fake\"},{\"site_name\":\"newsninja2012.com\",\"os_type_1\":\"bias\"},{\"site_name\":\"newstarget.com\",\"os_type_1\":\"conspiracy\"},{\"site_name\":\"newsthump.com\",\"os_type_1\":\"satire\"},{\"site_name\":\"newstoad.net\",\"os_type_1\":\"satire\"},{\"site_name\":\"newswatch28.com\",\"os_type_1\":\"fake\"},{\"site_name\":\"newswatch33.com\",\"os_type_1\":\"fake\"},{\"site_name\":\"newswire-24.com\",\"os_type_1\":\"rumor\",\"os_type_2\":\"unreliable\"},{\"site_name\":\"newswithviews.com\",\"os_type_1\":\"fake\",\"os_type_2\":\"conspiracy\"},{\"site_name\":\"newyorker.com/humor\",\"os_type_1\":\"satire\"},{\"site_name\":\"newzmagazine.com\",\"pf_type\":\"Fake news\",\"pf_registration\":\"Scottsdale, Ariz. **\"},{\"site_name\":\"nodisinfo.com\",\"os_type_1\":\"conspiracy\",\"os_type_2\":\"unreliable\"},{\"site_name\":\"nomorefakenews.com\",\"os_type_1\":\"conspiracy\"},{\"site_name\":\"northcrane.com\",\"os_type_1\":\"unreliable\"},{\"site_name\":\"notallowedto.com\",\"os_type_1\":\"clickbait\",\"os_type_2\":\"fake\",\"pf_type\":\"Fake news\",\"pf_registration\":\"https://www.whois.com/whois/notallowedto.com\"},{\"site_name\":\"now8news.com\",\"os_type_1\":\"fake\",\"pf_type\":\"Imposter site\",\"pf_registration\":\"Scottsdale, Ariz. **\"},{\"site_name\":\"nowtheendbegins.com\",\"os_type_1\":\"conspiracy\"},{\"site_name\":\"npiamerica.org\",\"os_type_1\":\"hate\",\"os_type_2\":\"bias\"},{\"site_name\":\"nutritionalanarchy.com\",\"os_type_1\":\"unreliable\"},{\"site_name\":\"nutritionfacts.org\",\"os_type_1\":\"reliable\"},{\"site_name\":\"nymeta.co\",\"os_type_1\":\"clickbait\",\"os_type_2\":\"satire\"},{\"site_name\":\"oann.com\",\"os_type_1\":\"political\",\"os_type_2\":\"reliable\"},{\"site_name\":\"oathkeepers.org\",\"os_type_1\":\"bias\"},{\"site_name\":\"objectiveministries.org\",\"os_type_1\":\"satire\"},{\"site_name\":\"observer.com\",\"os_type_1\":\"political\"},{\"site_name\":\"occupy.com\",\"os_type_1\":\"political\"},{\"site_name\":\"occupydemocrats.com\",\"os_type_1\":\"clickbait\",\"os_type_2\":\"bias\",\"os_type_2_1\":\"unreliable\"},{\"site_name\":\"occupyliberals.com\",\"os_type_1\":\"bias\",\"os_type_2\":\"clickbait\"},{\"site_name\":\"off-guardian.org\",\"os_type_1\":\"bias\",\"os_type_2\":\"conspiracy\"},{\"site_name\":\"offgridsurvival.com\",\"os_type_1\":\"conspiracy\",\"os_type_2\":\"bias\"},{\"site_name\":\"oftwominds.com\",\"os_type_1\":\"bias\",\"os_type_2\":\"conspiracy\"},{\"site_name\":\"oilgeopolitics.net\",\"os_type_1\":\"conspiracy\"},{\"site_name\":\"onepoliticalplaza.com\",\"os_type_1\":\"fake\",\"pf_type\":\"Fake news\",\"pf_registration\":\"Miami, Fla.^^^\"},{\"site_name\":\"onlineconservativepress.com\",\"os_type_1\":\"fake\",\"os_type_2\":\"conspiracy\",\"os_type_2_1\":\"bias\"},{\"site_name\":\"openmagazines.com\",\"os_type_1\":\"fake\",\"pf_type\":\"Fake news\",\"pf_registration\":\"Scottsdale, Ariz. **\"},{\"site_name\":\"openmindmagazine.com\",\"os_type_1\":\"bias\",\"os_type_2\":\"conspiracy\"},{\"site_name\":\"orientalreview.org\",\"os_type_1\":\"bias\",\"os_type_2\":\"conspiracy\"},{\"site_name\":\"other98.com\",\"os_type_1\":\"clickbait\",\"os_type_2\":\"bias\",\"os_type_2_1\":\"unreliable\"},{\"site_name\":\"pakalertpress.com\",\"os_type_1\":\"fake\"},{\"site_name\":\"palmerreport.com\",\"os_type_1\":\"bias\"},{\"site_name\":\"pamelageller.com\",\"os_type_1\":\"conspiracy\",\"os_type_2\":\"fake\",\"os_type_2_1\":\"bias\"},{\"site_name\":\"patdollar.com\",\"os_type_1\":\"bias\",\"os_type_2\":\"clickbait\"},{\"site_name\":\"patriotchronicle.com\",\"os_type_1\":\"bias\",\"os_type_2\":\"clickbait\"},{\"site_name\":\"patriotnewsdaily.com\",\"os_type_1\":\"satire\"},{\"site_name\":\"patriotpost.us\",\"os_type_1\":\"bias\"},{\"site_name\":\"patriotrising.com\",\"os_type_1\":\"bias\",\"os_type_2\":\"conspiracy\"},{\"site_name\":\"patriotupdate.com\",\"os_type_1\":\"bias\",\"os_type_2\":\"conspiracy\"},{\"site_name\":\"paulcraigroberts.org\",\"os_type_1\":\"bias\",\"os_type_2\":\"conspiracy\"},{\"site_name\":\"pjmedia.com\",\"os_type_1\":\"political\",\"os_type_2\":\"bias\"},{\"site_name\":\"platosguns.com\",\"os_type_1\":\"bias\",\"os_type_2\":\"conspiracy\",\"os_type_2_1\":\"bias\"},{\"site_name\":\"politicalblindspot.com\",\"os_type_1\":\"conspiracy\",\"os_type_2\":\"junksci\"},{\"site_name\":\"politicalcult.com\",\"os_type_1\":\"bias\",\"os_type_2\":\"clickbait\",\"os_type_2_1\":\"conspiracy\"},{\"site_name\":\"politicalears.com\",\"os_type_1\":\"unreliable\",\"os_type_2\":\"clickbait\"},{\"site_name\":\"politicalo.com\",\"os_type_1\":\"fake\",\"pf_type\":\"Parody site\",\"pf_registration\":\"Jerusalem, Israel\"},{\"site_name\":\"politicalsitenews.com\",\"os_type_1\":\"fake\"},{\"site_name\":\"politicalupdator.com\",\"os_type_1\":\"fake\",\"os_type_2\":\"clickbait\",\"os_type_2_1\":\"bias\"},{\"site_name\":\"politicass.com\",\"pf_type\":\"Parody site\",\"pf_registration\":\"Jerusalem, Israel\"},{\"site_name\":\"politicono.com\",\"os_type_1\":\"fake\",\"pf_type\":\"Parody site\",\"pf_registration\":\"Jerusalem, Israel\"},{\"site_name\":\"politicops.com\",\"os_type_1\":\"satire\",\"os_type_2\":\"fake\",\"pf_type\":\"Parody site\",\"pf_registration\":\"Jerusalem, Israel\"},{\"site_name\":\"politicot.com\",\"os_type_1\":\"satire\",\"os_type_2\":\"fake\",\"pf_type\":\"Parody site\",\"pf_registration\":\"Jerusalem, Israel\"},{\"site_name\":\"politicsintheusa.com\",\"os_type_1\":\"unreliable\",\"os_type_2\":\"bias\"},{\"site_name\":\"politicsusanews.com\",\"os_type_1\":\"fake\",\"pf_type\":\"Fake news\",\"pf_registration\":\"Panama, Pa.*\"},{\"site_name\":\"politicususa.com\",\"os_type_1\":\"clickbait\",\"os_type_2\":\"unreliable\"},{\"site_name\":\"pollhype.com\",\"os_type_1\":\"rumor\",\"os_type_2\":\"clickbait\",\"os_type_2_1\":\"bias\"},{\"site_name\":\"powerpoliticians.com\",\"os_type_1\":\"unreliable\"},{\"site_name\":\"pravda.ru\",\"os_type_1\":\"bias\",\"os_type_2\":\"rumor\",\"os_type_2_1\":\"conspiracy\"},{\"site_name\":\"pravdareport.com\",\"os_type_1\":\"bias\",\"os_type_2\":\"rumor\",\"os_type_2_1\":\"conspiracy\"},{\"site_name\":\"prepperwebsite.com\",\"os_type_1\":\"conspiracy\",\"os_type_2\":\"fake\"},{\"site_name\":\"president45donaldtrump.com\",\"os_type_1\":\"fake\",\"pf_type\":\"Fake news\",\"pf_registration\":\"Burlington, Mass. ~\"},{\"site_name\":\"presidentialvoting2016.com\",\"os_type_1\":\"political\",\"os_type_2\":\"bias\",\"os_type_2_1\":\"unreliable\"},{\"site_name\":\"presstv.com\",\"os_type_1\":\"bias\",\"os_type_2\":\"unreliable\"},{\"site_name\":\"presstv.ir\",\"os_type_1\":\"bias\",\"os_type_2\":\"unreliable\"},{\"site_name\":\"prisonplanet.com\",\"os_type_1\":\"conspiracy\"},{\"site_name\":\"prisonplanet.tv\",\"os_type_1\":\"conspiracy\"},{\"site_name\":\"prntly.com\",\"os_type_1\":\"fake\",\"pf_type\":\"Fake news\",\"pf_registration\":\"Nobby Beach, Australia !!\"},{\"site_name\":\"proamericanews.com\",\"os_type_1\":\"fake\"},{\"site_name\":\"progressivestoday.com\",\"os_type_1\":\"bias\"},{\"site_name\":\"projectveritas.com\",\"os_type_1\":\"bias\",\"os_type_2\":\"unreliable\",\"os_type_2_1\":\"political\"},{\"site_name\":\"proudcons.com\",\"os_type_1\":\"fake\",\"os_type_2\":\"bias\"},{\"site_name\":\"proudemocrat.com\",\"os_type_1\":\"political\"},{\"site_name\":\"proudleader.com\",\"pf_type\":\"Fake news\",\"pf_registration\":\"North Waterboro, Me.\"},{\"site_name\":\"qpolitical.com\",\"os_type_1\":\"bias\",\"os_type_2\":\"clickbait\",\"os_type_2_1\":\"junksci\"},{\"site_name\":\"rawforbeauty.com\",\"os_type_1\":\"junksci\"},{\"site_name\":\"rawstory.com\",\"os_type_1\":\"political\",\"os_type_2\":\"clickbait\"},{\"site_name\":\"react365.com\",\"os_type_1\":\"fake\"},{\"site_name\":\"readconservatives.news\",\"os_type_1\":\"bias\",\"os_type_2\":\"fake\",\"os_type_2_1\":\"clickbait\",\"pf_type\":\"Fake news\",\"pf_registration\":\"Kirkland, Wash.***\"},{\"site_name\":\"reagancoalition.com\",\"os_type_1\":\"bias\",\"os_type_2\":\"fake\",\"os_type_2_1\":\"clickbait\"},{\"site_name\":\"realfarmacy.com\",\"os_type_1\":\"junksci\",\"os_type_2\":\"conspiracy\"},{\"site_name\":\"realnewsrightnow.com\",\"os_type_1\":\"fake\",\"os_type_2\":\"satire\",\"pf_type\":\"Parody site\",\"pf_registration\":\"Los Angeles, Calif.\"},{\"site_name\":\"realplanetnews.com\",\"os_type_1\":\"junksci\"},{\"site_name\":\"realtimepolitics.com\",\"os_type_1\":\"bias\",\"os_type_2\":\"unreliable\"},{\"site_name\":\"redcountry.us\",\"os_type_1\":\"fake\",\"pf_type\":\"Fake news\",\"pf_registration\":\"Veles, Macedonia\"},{\"site_name\":\"redflagnews.com\",\"os_type_1\":\"bias\",\"os_type_2\":\"conspiracy\",\"os_type_2_1\":\"unreliable\"},{\"site_name\":\"redinfo.us\",\"pf_type\":\"Fake news\",\"pf_registration\":\"Veles, Macedonia\"},{\"site_name\":\"redrocktribune.com\",\"os_type_1\":\"fake\",\"pf_type\":\"Imposter site\",\"pf_registration\":\"Scottsdale, Ariz. **\"},{\"site_name\":\"redstate.com\",\"os_type_1\":\"political\",\"os_type_2\":\"clickbait\"},{\"site_name\":\"redstatewatcher.com\",\"os_type_1\":\"bias\",\"os_type_2\":\"clickbait\"},{\"site_name\":\"reductress.com\",\"os_type_1\":\"satire\"},{\"site_name\":\"regated.com\",\"os_type_1\":\"bias\"},{\"site_name\":\"religionlo.com\",\"os_type_1\":\"satire\",\"pf_type\":\"Parody site\",\"pf_registration\":\"Jerusalem, Israel\"},{\"site_name\":\"religionmind.com\",\"os_type_1\":\"fake\",\"pf_type\":\"Fake news\",\"pf_registration\":\"Balangoda, Sri Lanka\"},{\"site_name\":\"remedydaily.com\",\"os_type_1\":\"clickbait\"},{\"site_name\":\"rense.com\",\"os_type_1\":\"conspiracy\",\"os_type_2\":\"junksci\"},{\"site_name\":\"resistancereport.com\",\"os_type_1\":\"political\",\"os_type_2\":\"unreliable\"},{\"site_name\":\"responsibletechnology.org\",\"os_type_1\":\"junksci\"},{\"site_name\":\"returnofkings.com\",\"os_type_1\":\"hate\"},{\"site_name\":\"revolutions2040.com\",\"os_type_1\":\"junksci\",\"os_type_2\":\"clickbait\"},{\"site_name\":\"rhotv.com\",\"os_type_1\":\"fake\"},{\"site_name\":\"rickwells.us\",\"os_type_1\":\"fake\",\"os_type_2\":\"conspiracy\"},{\"site_name\":\"rightalert.com\",\"os_type_1\":\"bias\",\"os_type_2\":\"unreliable\"},{\"site_name\":\"rightwingnews.com\",\"os_type_1\":\"bias\",\"os_type_2\":\"unreliable\"},{\"site_name\":\"rilenews.com\",\"os_type_1\":\"fake\",\"os_type_2\":\"satire\"},{\"site_name\":\"rinf.com\",\"os_type_1\":\"political\"},{\"site_name\":\"rockcitytimes.com\",\"os_type_1\":\"satire\"},{\"site_name\":\"rogue-nation3.com\",\"os_type_1\":\"fake\",\"pf_type\":\"Fake news\",\"pf_registration\":\"Quebec, Canada\"},{\"site_name\":\"ronpaulinstitute.org\",\"os_type_1\":\"political\"},{\"site_name\":\"rumorjournal.com\",\"os_type_1\":\"fake\",\"pf_type\":\"Fake news\",\"pf_registration\":\"Panama, Pa. *\"},{\"site_name\":\"rumormillnews.com\",\"os_type_1\":\"conspiracy\",\"os_type_2\":\"junksci\",\"os_type_2_1\":\"rumor\"},{\"site_name\":\"ruptly.tv\",\"os_type_1\":\"political\"},{\"site_name\":\"russia-insider.com\",\"os_type_1\":\"bias\",\"os_type_2\":\"clickbait\"},{\"site_name\":\"satiratribune.com\",\"os_type_1\":\"satire\",\"pf_type\":\"Parody site\",\"pf_registration\":\"Scottsdale, Ariz. **\"},{\"site_name\":\"satirewire.com\",\"os_type_1\":\"satire\"},{\"site_name\":\"scrappleface.com\",\"os_type_1\":\"satire\"},{\"site_name\":\"secretsofthefed.com\",\"os_type_1\":\"conspiracy\",\"os_type_2\":\"junksci\"},{\"site_name\":\"sensationalisttimes.com\",\"os_type_1\":\"satire\"},{\"site_name\":\"sentinelblog.com\",\"os_type_1\":\"conspiracy\",\"os_type_2\":\"junksci\"},{\"site_name\":\"shareblue.com\",\"os_type_1\":\"unreliable\",\"os_type_2\":\"political\",\"os_type_2_1\":\"bias\"},{\"site_name\":\"sheepkillers.com\",\"os_type_1\":\"conspiracy\",\"os_type_2\":\"junksci\"},{\"site_name\":\"shoebat.com\",\"os_type_1\":\"conspiracy\",\"os_type_2\":\"bias\"},{\"site_name\":\"silver-coin-investor. com\",\"os_type_1\":\"conspiracy\",\"os_type_2\":\"bias\",\"os_type_2_1\":\"unreliable\"},{\"site_name\":\"silverbearcafe.com\",\"os_type_1\":\"conspiracy\"},{\"site_name\":\"silverdoctors.com\",\"os_type_1\":\"conspiracy\",\"os_type_2\":\"bias\"},{\"site_name\":\"silverstealers.net\",\"os_type_1\":\"conspiracy\"},{\"site_name\":\"sjlendman.blogspot.com\",\"os_type_1\":\"bias\"},{\"site_name\":\"skeptiko.com\",\"os_type_1\":\"conspiracy\",\"os_type_2\":\"junksci\"},{\"site_name\":\"smag31.com\",\"os_type_1\":\"fake\",\"os_type_2\":\"unreliable\",\"pf_type\":\"Some fake stories\",\"pf_registration\":\"Dundalk, Ireland\"},{\"site_name\":\"socialeverythings.com\",\"os_type_1\":\"fake\",\"pf_type\":\"Fake news\",\"pf_registration\":\"Mahawela, Sri Lanka\"},{\"site_name\":\"sonsoflibertyradio.com\",\"os_type_1\":\"conspiracy\",\"os_type_2\":\"bias\",\"os_type_2_1\":\"unreliable\"},{\"site_name\":\"southernconservativeextra.com\",\"pf_type\":\"Fake news\",\"pf_registration\":\"Came up as available for use\"},{\"site_name\":\"sovereignman.com\",\"os_type_1\":\"unreliable\"},{\"site_name\":\"speld.nl\",\"os_type_1\":\"satire\"},{\"site_name\":\"spinzon.com\",\"pf_type\":\"Fake news\",\"pf_registration\":\"Panama, Pa. *\"},{\"site_name\":\"sportspickle.com\",\"os_type_1\":\"satire\"},{\"site_name\":\"sputniknews.com\",\"os_type_1\":\"bias\",\"os_type_2\":\"state\",\"os_type_2_1\":\"fake\"},{\"site_name\":\"states-tv.com\",\"pf_type\":\"Fake news\",\"pf_registration\":\"Scottsdale, Ariz. **\"},{\"site_name\":\"stneotscitizen.com\",\"os_type_1\":\"satire\"},{\"site_name\":\"stormcloudsgathering.com\",\"os_type_1\":\"fake\"},{\"site_name\":\"stuppid.com\",\"os_type_1\":\"satire\"},{\"site_name\":\"subjectpolitics.com\",\"os_type_1\":\"fake\",\"os_type_2\":\"bias\"},{\"site_name\":\"success-street.com\",\"os_type_1\":\"fake\",\"os_type_2\":\"clickbait\",\"pf_type\":\"Fake news\",\"pf_registration\":\"Kumanovo, Macedonia\"},{\"site_name\":\"supremepatriot.com\",\"os_type_1\":\"fake\",\"os_type_2\":\"bias\",\"pf_type\":\"Fake news\",\"pf_registration\":\"Panama, Pa. *\"},{\"site_name\":\"surrealscoop.com\",\"os_type_1\":\"satire\"},{\"site_name\":\"tdtalliance.com\",\"os_type_1\":\"fake\",\"pf_type\":\"Fake news\",\"pf_registration\":\"Scottsdale, Ariz. **\"},{\"site_name\":\"teaparty.org\",\"os_type_1\":\"fake\",\"os_type_2\":\"unreliable\",\"pf_type\":\"Some fake stories\",\"pf_registration\":\"Laguna Woods, Calif.\"},{\"site_name\":\"thatviralfeed.net\",\"os_type_1\":\"fake\",\"os_type_2\":\"unreliable\",\"pf_type\":\"Some fake stories\",\"pf_registration\":\"Denver, Colo.\"},{\"site_name\":\"the-insider.co\",\"os_type_1\":\"fake\",\"pf_type\":\"Fake news\",\"pf_registration\":\"Scottsdale, Ariz. **\"},{\"site_name\":\"the-postillon.com\",\"pf_type\":\"Parody site\",\"pf_registration\":\"Roubaix, France\"},{\"site_name\":\"theamericanindependent.wordpress.com\",\"os_type_1\":\"fake\",\"os_type_2\":\"bias\"},{\"site_name\":\"theantimedia.org\",\"os_type_1\":\"unreliable\",\"os_type_2\":\"bias\",\"os_type_2_1\":\"conspiracy\"},{\"site_name\":\"thebeaverton.com\",\"os_type_1\":\"satire\"},{\"site_name\":\"thebigriddle.com\",\"os_type_1\":\"fake\",\"pf_type\":\"Some fake stories\",\"pf_registration\":\"Scottsdale, Ariz. **\"},{\"site_name\":\"theblaze.com\",\"os_type_1\":\"political\",\"os_type_2\":\"clickbait\"},{\"site_name\":\"thebostontribune.com\",\"os_type_1\":\"fake\"},{\"site_name\":\"thecommonsenseshow.com\",\"os_type_1\":\"fake\",\"os_type_2\":\"conspiracy\"},{\"site_name\":\"thecontroversialfiles.net\",\"os_type_1\":\"fake\",\"os_type_2\":\"clickbait\"},{\"site_name\":\"thedailybeast.com\",\"os_type_1\":\"political\"},{\"site_name\":\"thedailymash.co.uk\",\"os_type_1\":\"satire\"},{\"site_name\":\"thedailysheeple.com\",\"os_type_1\":\"conspiracy\",\"os_type_2\":\"bias\"},{\"site_name\":\"thedailywtf.com\",\"os_type_1\":\"satire\"},{\"site_name\":\"theduran.com\",\"os_type_1\":\"unreliable\"},{\"site_name\":\"theeconomiccollapseblog.com\",\"os_type_1\":\"conspiracy\",\"os_type_2\":\"bias\"},{\"site_name\":\"theeventchronicle.com\",\"os_type_1\":\"conspiracy\",\"os_type_2\":\"junksci\",\"os_type_2_1\":\"clickbait\"},{\"site_name\":\"theextinctionprotocol.com\",\"os_type_1\":\"conspiracy\"},{\"site_name\":\"thefederalistpapers.org\",\"os_type_1\":\"bias\",\"os_type_2\":\"conspiracy\"},{\"site_name\":\"thefifthcolumnnews.com\",\"os_type_1\":\"political\"},{\"site_name\":\"theforbiddenknowledge.com\",\"os_type_1\":\"conspiracy\",\"os_type_2\":\"junksci\"},{\"site_name\":\"thefreepatriot.org\",\"os_type_1\":\"fake\",\"os_type_2\":\"bias\",\"os_type_2_1\":\"clickbait\"},{\"site_name\":\"thefreethoughtproject.com\",\"os_type_1\":\"unreliable\",\"os_type_2\":\"conspiracy\",\"os_type_2_1\":\"clickbait\"},{\"site_name\":\"thegatewaypundit.com\",\"os_type_1\":\"bias\",\"os_type_2\":\"conspiracy\",\"os_type_2_1\":\"unreliable\"},{\"site_name\":\"thegoldandoilguy.com/articles\",\"os_type_1\":\"unreliable\"},{\"site_name\":\"thehardtimes.net\",\"os_type_1\":\"satire\"},{\"site_name\":\"theineptowl.com\",\"os_type_1\":\"satire\"},{\"site_name\":\"theinformedamerican.net\",\"os_type_1\":\"unreliable\"},{\"site_name\":\"theintercept.com\",\"os_type_1\":\"political\"},{\"site_name\":\"theinternetpost.net\",\"os_type_1\":\"fake\",\"pf_type\":\"Fake news\",\"pf_registration\":\"Scottsdale, Ariz. **\"},{\"site_name\":\"thelastgreatstand.com\",\"os_type_1\":\"fake\",\"os_type_2\":\"conspiracy\",\"os_type_2_1\":\"bias\"},{\"site_name\":\"thelastlineofdefense.org\",\"os_type_1\":\"satire\",\"pf_type\":\"Parody site\",\"pf_registration\":\"Scottsdale, Ariz. **\"},{\"site_name\":\"thelibertybeacon.com\",\"os_type_1\":\"conspiracy\",\"os_type_2\":\"junksci\",\"os_type_2_1\":\"bias\"},{\"site_name\":\"thelibertymill.com\",\"os_type_1\":\"unreliable\",\"os_type_2\":\"bias\",\"os_type_2_1\":\"conspiracy\"},{\"site_name\":\"themadisonmisnomer.com\",\"os_type_1\":\"satire\"},{\"site_name\":\"themideastbeast.com\",\"os_type_1\":\"satire\"},{\"site_name\":\"themindunleashed.com\",\"os_type_1\":\"conspiracy\",\"os_type_2\":\"junksci\",\"os_type_2_1\":\"clickbait\"},{\"site_name\":\"themindunleashed.org\",\"os_type_1\":\"conspiracy\",\"os_type_2\":\"junksci\",\"os_type_2_1\":\"clickbait\"},{\"site_name\":\"themoralofthestory.us\",\"os_type_1\":\"fake\",\"pf_type\":\"Fake news\",\"pf_registration\":\"Paradise, Calif.\"},{\"site_name\":\"themuslimissue.wordpress.com\",\"os_type_1\":\"hate\",\"os_type_2\":\"conspiracy\"},{\"site_name\":\"thenationalmarijuananews.com\",\"pf_type\":\"Some fake stories\",\"pf_registration\":\"Henderson, Nev.\"},{\"site_name\":\"thenet24h.com\",\"os_type_1\":\"fake\",\"pf_type\":\"Fake news\",\"pf_registration\":\"Brisbane, Australia\"},{\"site_name\":\"thenewamerican.com\",\"os_type_1\":\"bias\"},{\"site_name\":\"thenewsdoctors.com\",\"os_type_1\":\"bias\"},{\"site_name\":\"thenewsnerd.com\",\"os_type_1\":\"satire\"},{\"site_name\":\"thenewyorkevening.com\",\"os_type_1\":\"fake\",\"pf_type\":\"Imposter site\",\"pf_registration\":\"Kumanovo, Macedonia\"},{\"site_name\":\"theonion.com\",\"os_type_1\":\"satire\"},{\"site_name\":\"thephaser.com\",\"os_type_1\":\"conspiracy\"},{\"site_name\":\"thepoke.co.uk\",\"os_type_1\":\"satire\"},{\"site_name\":\"thepoliticalinsider.com\",\"os_type_1\":\"conspiracy\",\"os_type_2\":\"bias\",\"os_type_2_1\":\"unreliable\",\"pf_type\":\"Some fake stories\",\"pf_registration\":\"Scottsdale, Ariz. **\"},{\"site_name\":\"thepremiumnews.com\",\"pf_type\":\"Fake news\",\"pf_registration\":\"Panama, Pa. *\"},{\"site_name\":\"theracketreport.com\",\"os_type_1\":\"fake\",\"os_type_2\":\"satire\"},{\"site_name\":\"therealstrategy.com\",\"os_type_1\":\"bias\",\"os_type_2\":\"conspiracy\",\"os_type_2_1\":\"hate\"},{\"site_name\":\"thereporterz.com\",\"os_type_1\":\"fake\"},{\"site_name\":\"therightists.com\",\"os_type_1\":\"satire\",\"pf_type\":\"Parody site\",\"pf_registration\":\"Jerusalem, Israel\"},{\"site_name\":\"therightscoop.com\",\"os_type_1\":\"fake\",\"os_type_2\":\"clickbait\"},{\"site_name\":\"therightstuff.biz\",\"os_type_1\":\"hate\"},{\"site_name\":\"theseattletribune.com\",\"os_type_1\":\"satire\",\"pf_type\":\"Parody site\",\"pf_registration\":\"Scottsdale, Ariz. **\"},{\"site_name\":\"theshovel.com.au\",\"os_type_1\":\"satire\"},{\"site_name\":\"theskunk.org\",\"os_type_1\":\"satire\"},{\"site_name\":\"thespoof.com\",\"os_type_1\":\"satire\"},{\"site_name\":\"thestatelyharold.com\",\"os_type_1\":\"satire\"},{\"site_name\":\"thetimesoftheworld.com\",\"os_type_1\":\"satire\"},{\"site_name\":\"thetrumpmedia.com\",\"os_type_1\":\"fake\",\"pf_type\":\"Fake news\",\"pf_registration\":\"Scottsdale, Ariz. **\"},{\"site_name\":\"thetruthaboutcancer.com\",\"os_type_1\":\"junksci\"},{\"site_name\":\"thetruthdivision.com\",\"os_type_1\":\"fake\",\"os_type_2\":\"bias\"},{\"site_name\":\"thetruthseeker.co.uk\",\"os_type_1\":\"fake\",\"os_type_2\":\"conspiracy\",\"os_type_2_1\":\"junksci\"},{\"site_name\":\"thetruthwins.com\",\"os_type_1\":\"junksci\",\"os_type_2\":\"conspiracy\",\"os_type_2_1\":\"clickbait\"},{\"site_name\":\"theunrealtimes.com\",\"os_type_1\":\"satire\"},{\"site_name\":\"theusa-news.com\",\"os_type_1\":\"fake\",\"pf_type\":\"Fake news\",\"pf_registration\":\"Chesterbrook, Pa.^\"},{\"site_name\":\"theusaconservative.com\",\"pf_type\":\"Fake news\",\"pf_registration\":\"Scottsdale, Ariz. **\"},{\"site_name\":\"theuspatriot.com\",\"os_type_1\":\"satire\",\"os_type_2\":\"fake\"},{\"site_name\":\"thevalleyreport.com\",\"os_type_1\":\"satire\"},{\"site_name\":\"thewashingtonpress.com\",\"os_type_1\":\"fake\",\"pf_type\":\"Imposter site\",\"pf_registration\":\"Laurium, Mich.\"},{\"site_name\":\"thewatchtowers.com\",\"os_type_1\":\"bias\",\"os_type_2\":\"conspiracy\",\"os_type_2_1\":\"clickbait\"},{\"site_name\":\"thinkprogress.org\",\"os_type_1\":\"political\"},{\"site_name\":\"threepercenternation.com\",\"os_type_1\":\"fake\",\"os_type_2\":\"conspiracy\",\"os_type_2_1\":\"bias\"},{\"site_name\":\"times.com.mx\",\"os_type_1\":\"fake\",\"pf_type\":\"Imposter site\",\"pf_registration\":\"Chesterbrook, Pa ^\"},{\"site_name\":\"tmzworldnews.com\",\"os_type_1\":\"fake\",\"pf_type\":\"Fake news\",\"pf_registration\":\"Scottsdale, Ariz.**\"},{\"site_name\":\"tomwoods.com\",\"os_type_1\":\"political\",\"os_type_2\":\"unrealiable\"},{\"site_name\":\"topekasnews.com\",\"os_type_1\":\"satire\"},{\"site_name\":\"topinfopost.com\",\"os_type_1\":\"clickbait\",\"os_type_2\":\"unreliable\",\"os_type_2_1\":\"conspiracy\"},{\"site_name\":\"trueactivist.com\",\"os_type_1\":\"clickbait\",\"os_type_2\":\"unreliable\"},{\"site_name\":\"trueamericans.me\",\"os_type_1\":\"fake\",\"pf_type\":\"Fake news\",\"pf_registration\":\"Chesterbrook, Pa. ^\"},{\"site_name\":\"truepundit.com\",\"os_type_1\":\"bias\",\"os_type_2\":\"clickbait\"},{\"site_name\":\"truetrumpers.com\",\"os_type_1\":\"fake\",\"pf_type\":\"Fake news\",\"pf_registration\":\"Chesterbrook, Pa.^\"},{\"site_name\":\"trumpvision365.com\",\"os_type_1\":\"fake\"},{\"site_name\":\"truthandaction.org\",\"os_type_1\":\"bias\",\"os_type_2\":\"conspiracy\",\"os_type_2_1\":\"clickbait\"},{\"site_name\":\"truthbroadcastnetwork.com\",\"os_type_1\":\"conspiracy\",\"os_type_2\":\"clickbait\"},{\"site_name\":\"truthfeed.com\",\"os_type_1\":\"hate\",\"os_type_2\":\"bias\",\"os_type_2_1\":\"conspiracy\"},{\"site_name\":\"truthfrequencyradio.com\",\"os_type_1\":\"conspiracy\"},{\"site_name\":\"truthkings.com\",\"os_type_1\":\"bias\",\"os_type_2\":\"conspiracy\",\"os_type_2_1\":\"junksci\"},{\"site_name\":\"truthrevolt.org\",\"os_type_1\":\"bias\",\"os_type_2\":\"hate\"},{\"site_name\":\"twitchy.com\",\"os_type_1\":\"clickbait\",\"os_type_2\":\"rumor\"},{\"site_name\":\"ufoholic.com\",\"os_type_1\":\"conspiracy\"},{\"site_name\":\"unclesamsmisguidedchildren.com\",\"os_type_1\":\"bias\"},{\"site_name\":\"unconfirmedsources.com\",\"os_type_1\":\"satire\"},{\"site_name\":\"undergroundnewsreport.com\",\"os_type_1\":\"fake\",\"pf_type\":\"Fake news\",\"pf_registration\":\"Scottsdale, Ariz. **\"},{\"site_name\":\"undergroundworldnews.com\",\"os_type_1\":\"fake\",\"os_type_2\":\"conspiracy\",\"os_type_2_1\":\"bias\"},{\"site_name\":\"unitedmediapublishing.com\",\"os_type_1\":\"fake\"},{\"site_name\":\"universepolitics.com\",\"os_type_1\":\"fake\",\"pf_type\":\"Fake news\",\"pf_registration\":\"Veles, Macedonia\"},{\"site_name\":\"unz.com\",\"os_type_1\":\"bias\"},{\"site_name\":\"urbanimagemagazine.com\",\"pf_type\":\"Some fake stories\",\"pf_registration\":\"Marion, Indiana\"},{\"site_name\":\"us.blastingnews.com\",\"os_type_1\":\"satire\",\"os_type_2\":\"unreliable\"},{\"site_name\":\"usa-radio.com\",\"os_type_1\":\"fake\",\"pf_type\":\"Fake news\",\"pf_registration\":\"Scottsdale, Ariz. **\"},{\"site_name\":\"usa-television.com\",\"os_type_1\":\"fake\",\"pf_type\":\"Imposter site\",\"pf_registration\":\"Scottsdale, Ariz. **\"},{\"site_name\":\"usa2016elections.com\",\"os_type_1\":\"fake\"},{\"site_name\":\"usadailyinfo.com\",\"os_type_1\":\"fake\",\"pf_type\":\"Fake news\",\"pf_registration\":\"Panama *\"},{\"site_name\":\"usadailypolitics.com\",\"os_type_1\":\"fake\"},{\"site_name\":\"usadailypost.us\",\"pf_type\":\"Fake news\",\"pf_registration\":\"Veles, Macedonia\"},{\"site_name\":\"usadailytime.com\",\"os_type_1\":\"fake\",\"pf_type\":\"Fake news\",\"pf_registration\":\"Panama, Pa.*\"},{\"site_name\":\"usadosenews.com\",\"os_type_1\":\"fake\",\"pf_type\":\"Fake news\",\"pf_registration\":\"Nobby Beach, Australia!!\"},{\"site_name\":\"usafirstinformation.com\",\"os_type_1\":\"fake\",\"pf_type\":\"Fake news\",\"pf_registration\":\"Panama, Pa. *\"},{\"site_name\":\"usahitman.com\",\"os_type_1\":\"fake\",\"os_type_2\":\"conspiracy\"},{\"site_name\":\"usainfobox.com\",\"os_type_1\":\"fake\"},{\"site_name\":\"usamagazinestudio.com\",\"os_type_1\":\"fake\"},{\"site_name\":\"usanews4u.us\",\"pf_type\":\"Fake news\",\"pf_registration\":\"Veles, Virgin Islands\"},{\"site_name\":\"usanewsflash.com\",\"os_type_1\":\"fake\",\"os_type_2\":\"bias\",\"os_type_2_1\":\"clickbait\"},{\"site_name\":\"usanewshome.com\",\"pf_type\":\"Fake news\",\"pf_registration\":\"Scottsdale, Ariz. **\"},{\"site_name\":\"usanewsinsider.com\",\"os_type_1\":\"fake\",\"os_type_2\":\"bias\",\"os_type_2_1\":\"clickbait\"},{\"site_name\":\"usanewspolitics.com\",\"os_type_1\":\"fake\"},{\"site_name\":\"usanewstoday.com\",\"os_type_1\":\"fake\",\"pf_type\":\"Fake news\",\"pf_registration\":\"Scotts, Mich.\"},{\"site_name\":\"usaonlinepolitics.com\",\"os_type_1\":\"fake\",\"os_type_2\":\"clickbait\"},{\"site_name\":\"usaphase.com\",\"os_type_1\":\"fake\",\"os_type_2\":\"bias\"},{\"site_name\":\"usapolitics24hrs.com\",\"os_type_1\":\"fake\",\"pf_type\":\"Fake news\",\"pf_registration\":\"Nobby Beach, Australia !!\"},{\"site_name\":\"usapoliticsnow.com\",\"os_type_1\":\"fake\",\"os_type_2\":\"bias\",\"pf_type\":\"Fake news\",\"pf_registration\":\"Nobby Beach, Australia !!\"},{\"site_name\":\"usapoliticstoday.com\",\"os_type_1\":\"bias\",\"os_type_2\":\"unreliable\",\"pf_type\":\"Fake news\",\"pf_registration\":\"Brea, Calif.^^\"},{\"site_name\":\"usapoliticszone.com\",\"os_type_1\":\"fake\",\"pf_type\":\"Fake news\",\"pf_registration\":\"Veles, Macedonia\"},{\"site_name\":\"usasnich.com\",\"os_type_1\":\"fake\",\"pf_type\":\"Fake news\",\"pf_registration\":\"Scottsdale, Ariz. **\"},{\"site_name\":\"usasupreme.com\",\"os_type_1\":\"fake\"},{\"site_name\":\"usatoday.com.co\",\"os_type_1\":\"fake\"},{\"site_name\":\"usatodaynews.me\",\"os_type_1\":\"fake\",\"pf_type\":\"Imposter site\",\"pf_registration\":\"Chesterbrook, Pa ^\"},{\"site_name\":\"usatwentyfour.com\",\"os_type_1\":\"fake\"},{\"site_name\":\"usawatchdog.com\",\"os_type_1\":\"bias\"},{\"site_name\":\"usaworldbox.com\",\"pf_type\":\"Fake news\",\"pf_registration\":\"Panama, Pa.^\"},{\"site_name\":\"uschronicle.com\",\"os_type_1\":\"bias\",\"os_type_2\":\"conspiracy\",\"os_type_2_1\":\"hate\"},{\"site_name\":\"usconservativetoday.com\",\"os_type_1\":\"fake\"},{\"site_name\":\"usdefensewatch.com\",\"os_type_1\":\"unreliable\"},{\"site_name\":\"usfanzone.com\",\"os_type_1\":\"fake\",\"os_type_2\":\"bias\"},{\"site_name\":\"ushealthyadvisor.com\",\"os_type_1\":\"fake\",\"os_type_2\":\"conspiracy\",\"os_type_2_1\":\"junksci\",\"pf_type\":\"Fake news\",\"pf_registration\":\"Panama, Pa.*\"},{\"site_name\":\"ushealthylife.com\",\"os_type_1\":\"fake\",\"pf_type\":\"Fake news\",\"pf_registration\":\"Panama, Pa.*\"},{\"site_name\":\"usherald.com\",\"os_type_1\":\"bias\",\"os_type_2\":\"conspiracy\",\"os_type_2_1\":\"fake\",\"pf_type\":\"Fake news\",\"pf_registration\":\"Austin, Texas\"},{\"site_name\":\"usinfonews.com\",\"os_type_1\":\"fake\",\"pf_type\":\"Fake news\",\"pf_registration\":\"Veles, Macedonia\"},{\"site_name\":\"uslifetoday.com\",\"os_type_1\":\"clickbait\"},{\"site_name\":\"uspoliticslive.com\",\"os_type_1\":\"fake\",\"os_type_2\":\"bias\",\"os_type_2_1\":\"conspiracy\"},{\"site_name\":\"uspoln.com\",\"os_type_1\":\"fake\",\"pf_type\":\"Fake news\",\"pf_registration\":\"Scottsdale, Ariz. **\"},{\"site_name\":\"uspostman.com\",\"os_type_1\":\"fake\",\"pf_type\":\"Fake news\",\"pf_registration\":\"Veles, Macedonia\"},{\"site_name\":\"usuncut.com\",\"os_type_1\":\"clickbait\",\"os_type_2\":\"bias\",\"os_type_2_1\":\"unreliable\"},{\"site_name\":\"usviewer.com\",\"os_type_1\":\"unreliable\",\"os_type_2\":\"fake\"},{\"site_name\":\"vdare.com\",\"os_type_1\":\"bias\",\"os_type_2\":\"hate\"},{\"site_name\":\"veteransnewsnow.com\",\"os_type_1\":\"unreliable\",\"os_type_2\":\"political\"},{\"site_name\":\"veteranstoday.com\",\"os_type_1\":\"bias\",\"os_type_2\":\"unreliable\"},{\"site_name\":\"vigilantcitizen.com\",\"os_type_1\":\"fake\",\"os_type_2\":\"conspiracy\"},{\"site_name\":\"viralactions.com\",\"os_type_1\":\"fake\",\"pf_type\":\"Fake news\",\"pf_registration\":\"Scottsdale, Ariz. **\"},{\"site_name\":\"viralliberty.com\",\"os_type_1\":\"fake\",\"os_type_2\":\"bias\",\"os_type_2_1\":\"clickbait\"},{\"site_name\":\"viraltube.nl\",\"os_type_1\":\"clickbait\"},{\"site_name\":\"voxtribune.com\",\"os_type_1\":\"fake\",\"pf_type\":\"Fake news\",\"pf_registration\":\"Scottsdale, Ariz. **\"},{\"site_name\":\"wakeupthesheep.com\",\"os_type_1\":\"conspiracy\"},{\"site_name\":\"wakingtimes.com\",\"os_type_1\":\"junksci\"},{\"site_name\":\"wakingupwisconsin.com\",\"os_type_1\":\"conspiracy\"},{\"site_name\":\"wallstreetonparade.com\",\"os_type_1\":\"unreliable\"},{\"site_name\":\"washingtonevening.com\",\"pf_type\":\"Imposter site\",\"pf_registration\":\"Kumanovo, Macedonia\"},{\"site_name\":\"washingtonexaminer.com\",\"os_type_1\":\"political\",\"os_type_2\":\"unreliable\"},{\"site_name\":\"washingtonfed.com\",\"os_type_1\":\"fake\"},{\"site_name\":\"washingtonfeed.com\",\"pf_type\":\"Fake news\",\"pf_registration\":\"Vancouver, Canada\"},{\"site_name\":\"washingtonpost.com.co\",\"os_type_1\":\"fake\",\"pf_type\":\"Imposter site\",\"pf_registration\":\"Washington, DC\"},{\"site_name\":\"washingtonsblog.com\",\"os_type_1\":\"bias\",\"os_type_2\":\"conspiracy\",\"os_type_2_1\":\"satire\"},{\"site_name\":\"waterfordwhispersnews.com\",\"os_type_1\":\"satire\"},{\"site_name\":\"wearechange.org\",\"os_type_1\":\"bias\",\"os_type_2\":\"conspiracy\"},{\"site_name\":\"weaselzippers.us\",\"os_type_1\":\"unreliable\",\"os_type_2\":\"bias\"},{\"site_name\":\"webdaily.com\",\"os_type_1\":\"fake\",\"os_type_2\":\"conspiracy\",\"os_type_2_1\":\"bias\"},{\"site_name\":\"weconservative.com\",\"pf_type\":\"Fake news\",\"pf_registration\":\"Veles, Macedonia\"},{\"site_name\":\"weeklystandard.com\",\"os_type_1\":\"political\",\"os_type_2\":\"bias\"},{\"site_name\":\"weeklyworldnews.com\",\"os_type_1\":\"fake\",\"os_type_2\":\"rumor\",\"os_type_2_1\":\"clickbait\"},{\"site_name\":\"welovenative.com\",\"pf_type\":\"Some fake stories\",\"pf_registration\":\"Pristina, Kosovo\"},{\"site_name\":\"weshapelife.org\",\"os_type_1\":\"conspiracy\",\"os_type_2\":\"junksci\"},{\"site_name\":\"westernjournalism.com\",\"os_type_1\":\"bias\",\"os_type_2\":\"clickbait\"},{\"site_name\":\"whatdoesitmean.com\",\"os_type_1\":\"conspiracy\"},{\"site_name\":\"whatreallyhappened.com\",\"os_type_1\":\"conspiracy\",\"os_type_2\":\"rumor\"},{\"site_name\":\"whitepower.com\",\"os_type_1\":\"hate\",\"os_type_2\":\"conspiracy\",\"os_type_2_1\":\"bias\"},{\"site_name\":\"whowhatwhy.com\",\"os_type_1\":\"unreliable\"},{\"site_name\":\"whowhatwhy.org\",\"os_type_1\":\"conspiracy\"},{\"site_name\":\"whydontyoutrythis.com\",\"os_type_1\":\"junksci\",\"os_type_2\":\"rumor\"},{\"site_name\":\"wikileaks.com\",\"os_type_1\":\"unreliable\"},{\"site_name\":\"wikileaks.org\",\"os_type_1\":\"unreliable\"},{\"site_name\":\"wikispooks.com\",\"os_type_1\":\"conspiracy\"},{\"site_name\":\"williambanzai7.blogspot.com\",\"os_type_1\":\"satire\"},{\"site_name\":\"willyloman.wordpress.com\",\"os_type_1\":\"conspiracy\"},{\"site_name\":\"winkprogress.com\",\"os_type_1\":\"satire\"},{\"site_name\":\"winningdemocrats.com\",\"os_type_1\":\"bias\",\"os_type_2\":\"unreliable\"},{\"site_name\":\"witscience.org\",\"os_type_1\":\"satire\"},{\"site_name\":\"wnd.com\",\"os_type_1\":\"bias\",\"os_type_2\":\"clickbait\",\"os_type_2_1\":\"unreliable\"},{\"site_name\":\"wolfstreet.com\",\"os_type_1\":\"unreliable\"},{\"site_name\":\"wonkie.com\",\"os_type_1\":\"satire\"},{\"site_name\":\"worldnewsdailyreport.com\",\"os_type_1\":\"satire\",\"pf_type\":\"Parody site\",\"pf_registration\":\"Nobby Beach, Australia !!\"},{\"site_name\":\"worldnewspolitics.com\",\"os_type_1\":\"bias\"},{\"site_name\":\"worldpoliticsnow.com\",\"os_type_1\":\"fake\",\"pf_type\":\"Fake news\",\"pf_registration\":\"Nassau, Bahamas!\"},{\"site_name\":\"worldpoliticsus.com\",\"os_type_1\":\"fake\"},{\"site_name\":\"worldrumor.com\",\"os_type_1\":\"fake\"},{\"site_name\":\"worldstoriestoday.com\",\"os_type_1\":\"fake\"},{\"site_name\":\"worldtruth.tv\",\"os_type_1\":\"conspiracy\",\"os_type_2\":\"junksci\"},{\"site_name\":\"worldwidehealthy.com\",\"os_type_1\":\"junksci\",\"os_type_2\":\"clickbait\"},{\"site_name\":\"wtoe5news.com\",\"os_type_1\":\"fake\",\"os_type_2\":\"satire\"},{\"site_name\":\"wundergroundmusic.com\",\"os_type_1\":\"satire\"},{\"site_name\":\"www.rt.com\",\"os_type_1\":\"state\"},{\"site_name\":\"x22report.com\",\"os_type_1\":\"conspiracy\"},{\"site_name\":\"yellowhammernews.com\",\"os_type_1\":\"political\"},{\"site_name\":\"yesimright.com\",\"os_type_1\":\"fake\",\"os_type_2\":\"bias\"},{\"site_name\":\"youngcons.com\",\"os_type_1\":\"bias\",\"os_type_2\":\"unreliable\"},{\"site_name\":\"yourfunpage.com\",\"os_type_1\":\"fake\"},{\"site_name\":\"yournationnews.com\",\"os_type_1\":\"clickbait\"},{\"site_name\":\"yournewswire.com\",\"os_type_1\":\"clickbait\",\"os_type_2\":\"junksci\"},{\"site_name\":\"zerohedge.com\",\"os_type_1\":\"conspiracy\"}]"]
